student_id,name,age,education_level,total_enrollments,completed_courses,active_courses,dropped_courses,completion_rate,total_modules_attempted,modules_completed,avg_time_per_module,total_study_hours,avg_progress_percentage,module_completion_rate,total_assessments,avg_score,max_score,min_score,assessments_passed,pass_rate
STU00001,Allison Hill,38,High School,1,0,0,1,0.0,4,1,4.69,18.75,67.75,25.0,3,60.33,81,30,3,100.0
STU00002,Amanda Davis,25,Bachelor,2,2,0,0,100.0,16,8,5.55,88.81,46.25,50.0,17,64.24,87,32,11,64.71
STU00003,Connie Lawrence,39,High School,4,2,2,0,50.0,29,16,4.51,130.73,45.93,55.17,37,63.03,100,31,29,78.38
STU00004,Phillip Garcia,19,High School,3,2,1,0,66.67,23,14,3.85,88.58,55.87,60.87,28,71.79,99,35,22,78.57
STU00005,Kimberly Dudley,25,High School,2,0,1,1,0.0,6,5,3.82,22.9,67.67,83.33,9,68.56,97,50,7,77.78
STU00006,Corey Jones,40,PhD,1,0,1,0,0.0,8,6,4.82,38.58,48.88,75.0,12,65.17,92,50,8,66.67
STU00007,Mark Diaz,32,Master,1,1,0,0,100.0,8,6,5.99,47.95,37.88,75.0,12,68.92,95,41,10,83.33
STU00008,Carla Gray,42,PhD,4,2,2,0,50.0,29,13,5.12,148.45,51.93,44.83,26,76.81,98,56,21,80.77
STU00009,Jennifer Jones,26,Bachelor,5,1,3,1,20.0,26,14,5.99,155.82,55.65,53.85,32,66.88,100,31,20,62.5
STU00010,Patrick Ryan,21,PhD,4,1,2,1,25.0,19,12,4.2,79.85,51.68,63.16,22,68.64,94,30,19,86.36
STU00011,Johnny Campos,29,Master,3,1,1,1,33.33,14,10,4.85,67.84,39.64,71.43,21,68.86,98,38,15,71.43
STU00012,Kyle Mcdonald,41,High School,2,1,0,1,50.0,8,5,4.73,37.81,43.63,62.5,10,73.0,89,60,6,60.0
STU00013,Martin Rodriguez,20,Master,1,1,0,0,100.0,8,5,5.86,46.9,63.75,62.5,9,74.56,100,43,6,66.67
STU00014,Pamela Romero,36,High School,4,2,1,1,50.0,25,13,6.1,152.55,47.56,52.0,28,70.46,100,40,23,82.14
STU00015,Phillip Ryan,39,Master,3,0,1,2,0.0,16,11,5.67,90.66,49.19,68.75,25,71.56,98,40,21,84.0
STU00016,Dr. Cynthia Allen,45,High School,5,1,2,2,20.0,25,16,6.2,155.05,55.44,64.0,36,67.08,97,31,27,75.0
STU00017,Matthew Arroyo,26,Master,2,2,0,0,100.0,16,10,4.48,71.63,59.06,62.5,25,62.56,100,33,23,92.0
STU00018,Melissa Marquez,29,Bachelor,4,3,0,1,75.0,25,17,5.53,138.23,57.76,68.0,40,65.65,98,31,33,82.5
STU00019,David Brown,40,High School,4,1,2,1,25.0,20,13,6.53,130.63,62.25,65.0,26,77.85,93,42,17,65.38
STU00020,Crystal Whitehead,35,Bachelor,5,3,2,0,60.0,29,19,5.53,160.33,54.79,65.52,38,69.42,100,34,25,65.79
STU00021,Timothy Duncan,32,Master,2,1,1,0,50.0,14,8,3.62,50.62,55.07,57.14,16,66.56,100,33,12,75.0
STU00022,Heather Jenkins,39,High School,2,0,2,0,0.0,16,10,5.82,93.1,53.88,62.5,17,66.53,91,32,13,76.47
STU00023,Scott Wright,44,Master,2,0,2,0,0.0,8,6,4.18,33.42,46.0,75.0,13,60.85,98,34,10,76.92
STU00024,Angela Morton,26,Bachelor,3,1,2,0,33.33,13,7,6.23,80.98,52.15,53.85,13,67.23,99,42,10,76.92
STU00025,Carol Tucker,24,PhD,5,3,1,1,60.0,30,18,5.26,157.88,55.1,60.0,39,69.67,100,32,32,82.05
STU00026,Timothy Glover,38,Bachelor,1,1,0,0,100.0,8,5,3.56,28.49,57.5,62.5,11,65.18,89,35,10,90.91
STU00027,Lauren Daniels,22,Master,1,0,0,1,0.0,3,1,7.09,21.27,37.67,33.33,3,63.67,83,33,2,66.67
STU00028,Tyler Miller,36,Master,2,0,2,0,0.0,7,5,4.7,32.9,38.14,71.43,7,60.29,80,45,6,85.71
STU00029,Danielle Wheeler,22,PhD,2,0,2,0,0.0,12,8,4.55,54.56,56.92,66.67,13,76.69,100,45,9,69.23
STU00030,Mike Allen,42,High School,2,2,0,0,100.0,16,7,4.41,70.55,54.31,43.75,15,68.27,99,37,12,80.0
STU00031,Angel Ellis,38,PhD,1,0,1,0,0.0,4,1,4.93,19.73,56.5,25.0,2,75.5,94,57,2,100.0
STU00032,Sherry Wood,30,PhD,2,1,1,0,50.0,13,7,4.88,63.47,38.23,53.85,12,63.33,84,42,7,58.33
STU00033,Kendra Contreras,35,High School,1,0,1,0,0.0,7,4,3.69,25.83,55.57,57.14,10,60.9,89,32,8,80.0
STU00034,Brittney Campbell,42,Master,5,0,2,3,0.0,15,8,5.77,86.57,62.47,53.33,15,77.47,100,60,11,73.33
STU00035,Taylor Mathis Jr.,27,Bachelor,2,0,2,0,0.0,6,2,5.48,32.88,51.5,33.33,5,64.2,87,43,5,100.0
STU00036,Deborah Figueroa,18,Master,3,1,2,0,33.33,15,9,5.06,75.9,31.4,60.0,19,72.79,97,36,16,84.21
STU00037,Kimberly Davenport,34,Master,3,3,0,0,100.0,24,15,4.96,119.01,51.13,62.5,27,65.41,100,31,21,77.78
STU00038,Amanda Howard,22,Bachelor,5,2,1,2,40.0,25,10,4.81,120.29,45.68,40.0,19,70.79,94,34,15,78.95
STU00039,Nicole Frost,37,PhD,2,0,2,0,0.0,8,6,5.34,42.73,54.13,75.0,14,65.36,90,41,13,92.86
STU00040,Tim Patton,21,Master,4,2,0,2,50.0,24,11,4.9,117.61,51.58,45.83,25,66.48,94,33,20,80.0
STU00041,Janet Williams,19,High School,4,1,3,0,25.0,22,13,6.17,135.81,43.41,59.09,27,71.48,95,42,20,74.07
STU00042,Courtney Keller,41,High School,5,2,3,0,40.0,34,24,4.64,157.91,52.88,70.59,44,65.07,94,37,36,81.82
STU00043,William Herrera,22,PhD,5,3,2,0,60.0,32,17,6.18,197.61,45.16,53.13,38,65.74,98,31,29,76.32
STU00044,Brian Hamilton,26,PhD,1,1,0,0,100.0,8,4,5.2,41.57,56.13,50.0,8,58.5,86,30,5,62.5
STU00045,Michael Smith,35,Bachelor,1,0,0,1,0.0,0,0,0.0,0.0,0.0,0.0,0,0.0,0,0,0,0.0
STU00046,Ryan Cortez,30,Master,2,1,1,0,50.0,12,8,6.09,73.13,41.75,66.67,16,69.69,98,42,12,75.0
STU00047,Jason Bentley,34,High School,5,3,2,0,60.0,39,25,5.54,216.13,47.23,64.1,55,62.73,100,33,50,90.91
STU00048,Jeffrey Carpenter,25,Master,1,1,0,0,100.0,8,3,5.39,43.09,47.0,37.5,6,76.0,90,52,5,83.33
STU00049,Nancy Hopkins,36,Bachelor,2,0,2,0,0.0,15,10,3.41,51.12,45.87,66.67,25,67.88,97,39,19,76.0
STU00050,Eric Drake,18,High School,5,2,2,1,40.0,27,14,4.85,131.02,49.93,51.85,31,72.48,98,40,24,77.42
STU00051,Jason Soto,20,Master,4,2,1,1,50.0,24,15,5.76,138.34,63.63,62.5,29,70.24,94,32,24,82.76
STU00052,Stephanie Dalton,34,Master,1,0,1,0,0.0,6,5,4.36,26.14,52.67,83.33,9,76.44,99,59,9,100.0
STU00053,Sylvia Martinez,24,Bachelor,5,2,2,1,40.0,28,18,4.49,125.77,50.04,64.29,40,68.5,98,36,32,80.0
STU00054,Jessica Briggs,25,PhD,4,2,2,0,50.0,27,15,4.96,133.83,42.67,55.56,25,69.8,98,30,20,80.0
STU00055,Joanna Walton,21,PhD,3,1,2,0,33.33,15,8,6.56,98.45,51.73,53.33,15,69.2,99,31,14,93.33
STU00056,Dustin Nelson,31,PhD,1,0,1,0,0.0,4,2,5.39,21.56,42.25,50.0,5,55.2,94,31,4,80.0
STU00057,Daniel Perry,39,High School,2,1,1,0,50.0,12,7,5.59,67.14,50.25,58.33,13,63.54,95,34,11,84.62
STU00058,Lauren Dominguez,30,Master,4,2,2,0,50.0,26,16,5.02,130.64,54.92,61.54,36,69.72,100,30,28,77.78
STU00059,Sara Medina,25,Bachelor,4,2,2,0,50.0,30,21,5.75,172.44,54.17,70.0,42,69.76,100,34,29,69.05
STU00060,Rebecca Ramsey,22,Bachelor,4,2,2,0,50.0,24,14,5.67,136.09,45.08,58.33,30,67.07,96,31,29,96.67
STU00061,Mary Miller,32,High School,3,2,1,0,66.67,21,15,5.21,109.38,45.29,71.43,34,65.18,100,31,24,70.59
STU00062,Jesse Rogers,43,High School,4,2,1,1,50.0,25,17,4.83,120.77,39.56,68.0,31,66.26,100,30,22,70.97
STU00063,Joshua Cooke,38,High School,1,1,0,0,100.0,8,4,7.08,56.62,34.13,50.0,8,68.13,98,31,8,100.0
STU00064,Lisa Allen,42,Bachelor,4,2,1,1,50.0,24,14,6.07,145.76,44.42,58.33,31,61.61,99,30,24,77.42
STU00065,Carol Lawson,33,Bachelor,1,0,1,0,0.0,2,1,4.34,8.67,31.0,50.0,2,68.0,70,66,1,50.0
STU00066,Laura Odonnell,19,PhD,5,3,0,2,60.0,29,17,5.08,147.33,54.9,58.62,34,66.53,94,30,27,79.41
STU00067,Dana Terry,30,PhD,2,0,2,0,0.0,8,4,4.7,37.63,64.38,50.0,9,67.11,90,31,9,100.0
STU00068,Mary Jones,31,PhD,5,1,2,2,20.0,26,16,5.01,130.14,49.04,61.54,30,63.97,91,30,22,73.33
STU00069,Sandra Zimmerman,24,Bachelor,2,1,1,0,50.0,14,6,3.99,55.84,66.07,42.86,9,59.11,78,31,8,88.89
STU00070,Patricia Marshall,36,High School,4,3,0,1,75.0,25,14,4.73,118.36,34.24,56.0,30,67.07,100,34,27,90.0
STU00071,Laura Barnett,19,PhD,4,3,1,0,75.0,27,14,4.34,117.07,58.33,51.85,28,65.61,100,35,22,78.57
STU00072,Douglas Carlson,19,High School,1,0,1,0,0.0,4,3,3.82,15.29,57.25,75.0,7,66.0,88,51,4,57.14
STU00073,Peter Vaughn DDS,20,High School,4,2,1,1,50.0,25,12,5.07,126.87,56.0,48.0,26,71.27,92,35,23,88.46
STU00074,Elizabeth Perkins,30,Bachelor,4,1,1,2,25.0,21,12,5.1,107.16,59.48,57.14,24,64.92,91,35,21,87.5
STU00075,Jesse Parker,37,PhD,2,0,1,1,0.0,6,4,5.79,34.74,41.5,66.67,10,61.6,86,39,9,90.0
STU00076,Cathy Robinson,26,Master,2,0,1,1,0.0,9,5,3.06,27.52,47.11,55.56,11,69.73,99,45,8,72.73
STU00077,Cory Perez,26,Bachelor,3,2,1,0,66.67,17,10,6.13,104.28,49.76,58.82,26,63.04,100,31,22,84.62
STU00078,Edgar Raymond,32,High School,1,1,0,0,100.0,8,4,5.48,43.87,43.13,50.0,7,65.43,94,46,6,85.71
STU00079,Cody Williams,32,High School,2,1,1,0,50.0,15,9,5.25,78.75,40.6,60.0,20,64.5,97,33,13,65.0
STU00080,Amy Hernandez,35,Master,4,2,1,1,50.0,24,15,5.11,122.63,53.92,62.5,26,63.38,95,32,20,76.92
STU00081,Lisa Rowe,29,Bachelor,4,1,3,0,25.0,16,8,4.6,73.54,55.06,50.0,17,66.88,95,43,15,88.24
STU00082,Keith Brown,27,PhD,3,2,1,0,66.67,24,12,5.63,135.03,44.54,50.0,26,66.58,98,34,20,76.92
STU00083,Christopher Jones,37,High School,5,3,1,1,60.0,32,20,6.83,218.65,48.97,62.5,38,66.58,96,30,29,76.32
STU00084,Douglas Heath,39,Bachelor,1,0,1,0,0.0,4,3,4.56,18.26,46.0,75.0,6,63.83,94,30,4,66.67
STU00085,Jessica Stephens,21,Bachelor,1,1,0,0,100.0,8,6,2.92,23.39,38.5,75.0,10,72.1,98,41,9,90.0
STU00086,Paul Carroll,27,Bachelor,3,1,2,0,33.33,17,7,5.83,99.14,43.59,41.18,11,74.27,100,44,7,63.64
STU00087,Katherine Miller,24,Master,5,3,2,0,60.0,33,22,4.84,159.6,58.18,66.67,48,66.35,100,30,36,75.0
STU00088,Michael Valencia,26,High School,2,1,1,0,50.0,10,6,3.53,35.25,60.4,60.0,14,71.21,93,32,13,92.86
STU00089,Julie Pearson,44,High School,5,2,2,1,40.0,32,19,5.82,186.3,56.69,59.38,37,68.7,98,33,31,83.78
STU00090,Gregory Cook,28,Master,4,1,3,0,25.0,21,14,4.26,89.4,47.81,66.67,24,71.58,100,36,18,75.0
STU00091,Robin Pierce,41,PhD,5,2,3,0,40.0,24,15,5.06,121.47,53.42,62.5,31,69.29,100,33,25,80.65
STU00092,Jose Travis,21,Bachelor,5,4,1,0,80.0,33,22,4.98,164.24,42.85,66.67,41,66.1,96,35,34,82.93
STU00093,Mr. Anthony Adams Jr.,44,Bachelor,4,1,2,1,25.0,17,7,6.32,107.52,60.29,41.18,12,72.92,98,32,10,83.33
STU00094,Christopher Pierce,22,Master,2,2,0,0,100.0,16,10,5.69,90.96,54.31,62.5,26,69.19,99,31,22,84.62
STU00095,Kathleen Moran,43,Master,2,2,0,0,100.0,16,9,4.54,72.64,57.75,56.25,19,66.47,100,31,11,57.89
STU00096,Thomas Romero,39,High School,3,2,0,1,66.67,16,10,5.17,82.73,49.44,62.5,17,65.76,94,34,14,82.35
STU00097,Samantha Campbell,42,PhD,1,0,1,0,0.0,7,4,6.42,44.92,59.86,57.14,6,68.83,94,45,4,66.67
STU00098,Juan Daniels,25,Bachelor,4,3,1,0,75.0,32,17,5.27,168.56,42.22,53.13,32,64.94,98,34,27,84.38
STU00099,Reginald Williams,18,Master,3,0,3,0,0.0,18,12,5.37,96.58,45.44,66.67,24,69.67,98,36,18,75.0
STU00100,Marissa Hernandez,43,Bachelor,5,0,3,2,0.0,17,10,6.04,102.69,54.29,58.82,25,64.48,99,31,22,88.0
STU00101,Ariana Lozano,23,High School,2,1,0,1,50.0,11,5,5.99,65.94,70.55,45.45,10,61.6,78,33,10,100.0
STU00102,Deborah Hanson,45,PhD,4,1,1,2,25.0,20,13,6.46,129.12,37.05,65.0,25,67.96,96,33,20,80.0
STU00103,Lori Clay,24,Master,1,1,0,0,100.0,8,7,5.38,43.07,39.13,87.5,9,74.11,99,56,7,77.78
STU00104,Donna Perez,44,Bachelor,1,0,1,0,0.0,6,5,6.59,39.56,45.0,83.33,7,71.29,85,52,5,71.43
STU00105,Michael Berger,39,PhD,5,2,3,0,40.0,33,19,5.04,166.35,49.06,57.58,42,68.93,100,34,34,80.95
STU00106,Jason Maldonado,26,Master,3,3,0,0,100.0,24,16,3.96,94.94,46.29,66.67,37,66.89,100,36,31,83.78
STU00107,Mr. David Little MD,38,PhD,2,0,1,1,0.0,11,5,5.4,59.42,66.27,45.45,10,74.7,91,50,8,80.0
STU00108,Tony Huerta,18,Master,1,1,0,0,100.0,8,5,5.23,41.82,45.13,62.5,13,67.0,95,37,11,84.62
STU00109,Dr. Ashley James MD,36,High School,1,0,1,0,0.0,2,1,2.53,5.06,38.5,50.0,2,59.0,82,36,1,50.0
STU00110,Melissa Garner,37,Master,4,1,0,3,25.0,17,11,4.93,83.78,50.35,64.71,23,65.96,100,32,18,78.26
STU00111,Heather Fields,31,High School,2,0,2,0,0.0,10,7,2.96,29.64,39.7,70.0,15,61.27,91,31,13,86.67
STU00112,Amanda Diaz,36,Master,5,3,2,0,60.0,34,14,5.85,198.92,51.09,41.18,29,74.1,97,30,23,79.31
STU00113,Joshua Mata,40,High School,2,0,2,0,0.0,13,5,5.34,69.43,45.92,38.46,15,65.67,94,36,13,86.67
STU00114,Julie Jones,29,High School,4,1,2,1,25.0,16,8,6.17,98.65,54.13,50.0,19,69.47,98,34,14,73.68
STU00115,Richard Smith,37,High School,1,0,1,0,0.0,5,4,5.0,24.99,58.8,80.0,7,66.14,90,40,5,71.43
STU00116,Teresa Rodriguez,34,PhD,4,1,2,1,25.0,22,12,4.97,109.37,40.45,54.55,22,68.86,94,37,17,77.27
STU00117,Arthur Colon,30,Master,3,1,1,1,33.33,17,8,6.03,102.54,54.53,47.06,15,64.87,94,51,15,100.0
STU00118,Audrey Young DDS,24,PhD,5,1,3,1,20.0,25,15,5.24,130.95,55.72,60.0,30,68.97,98,37,20,66.67
STU00119,Patrick Moore,37,Master,2,1,0,1,50.0,11,7,4.86,53.51,49.91,63.64,16,61.44,94,32,10,62.5
STU00120,Michael Robinson,35,Master,5,1,4,0,20.0,24,12,5.83,139.93,58.33,50.0,26,66.27,96,31,22,84.62
STU00121,Maria Brown,24,Master,4,1,2,1,25.0,18,11,5.68,102.29,44.61,61.11,18,68.44,96,35,13,72.22
STU00122,Tricia Williams,32,Bachelor,2,0,1,1,0.0,10,5,6.55,65.51,48.5,50.0,12,72.25,94,53,8,66.67
STU00123,Laurie Li,43,Bachelor,1,0,0,1,0.0,3,1,7.87,23.6,70.0,33.33,3,54.33,81,40,3,100.0
STU00124,Dr. Kimberly Lindsey,27,Master,4,1,3,0,25.0,25,13,5.88,146.93,52.88,52.0,29,64.34,97,34,24,82.76
STU00125,Franklin Thompson,44,Master,3,3,0,0,100.0,24,18,4.97,119.39,42.38,75.0,38,71.26,100,32,33,86.84
STU00126,Ivan Wheeler,43,Bachelor,4,2,2,0,50.0,26,14,5.38,139.9,56.23,53.85,27,67.41,100,39,23,85.19
STU00127,Kelly Ellis,19,PhD,5,3,2,0,60.0,34,22,5.16,175.29,41.79,64.71,44,68.36,100,34,42,95.45
STU00128,Theodore Jones Jr.,32,Bachelor,3,1,1,1,33.33,14,10,5.69,79.64,55.57,71.43,22,70.82,94,33,16,72.73
STU00129,Zachary Schmidt,33,Bachelor,3,1,2,0,33.33,18,11,5.4,97.16,50.89,61.11,17,73.82,100,53,12,70.59
STU00130,Marilyn Mack,38,High School,2,1,1,0,50.0,15,6,6.7,100.46,55.33,40.0,14,66.57,97,37,11,78.57
STU00131,Nicholas Edwards,42,Bachelor,1,1,0,0,100.0,8,3,5.48,43.88,31.88,37.5,7,67.71,98,35,6,85.71
STU00132,Bradley Reynolds,43,PhD,4,2,0,2,50.0,20,10,6.09,121.76,45.45,50.0,19,68.26,98,31,17,89.47
STU00133,Bryan Gomez,35,High School,1,0,0,1,0.0,5,4,5.85,29.23,43.2,80.0,8,71.88,95,52,4,50.0
STU00134,Kenneth Lewis,22,Master,5,1,4,0,20.0,26,12,4.85,126.15,55.04,46.15,22,68.14,92,36,17,77.27
STU00135,Donald Perez,37,PhD,4,0,2,2,0.0,14,10,6.51,91.2,28.79,71.43,26,68.42,100,35,20,76.92
STU00136,Lisa Barrett,23,PhD,1,0,1,0,0.0,8,5,7.48,59.85,53.38,62.5,11,67.91,96,33,9,81.82
STU00137,Kylie Morales,26,Master,2,0,0,2,0.0,7,5,7.32,51.27,66.71,71.43,9,60.0,99,36,5,55.56
STU00138,Jesse Moore,38,Master,3,0,2,1,0.0,15,8,4.05,60.71,55.73,53.33,15,65.8,90,35,9,60.0
STU00139,Luke Craig,20,Master,4,1,3,0,25.0,24,17,5.22,125.24,56.75,70.83,34,67.32,96,31,28,82.35
STU00140,Jose Reed,26,Master,3,0,1,2,0.0,13,7,6.75,87.7,50.15,53.85,12,75.33,98,56,11,91.67
STU00141,James Greene,22,Bachelor,5,1,2,2,20.0,21,16,5.33,111.91,51.67,76.19,35,65.57,100,30,27,77.14
STU00142,Adam Burgess,40,Bachelor,2,1,1,0,50.0,12,6,5.09,61.02,35.75,50.0,10,63.0,88,44,9,90.0
STU00143,Heather Sanders,31,Master,2,0,2,0,0.0,8,4,7.27,58.13,39.38,50.0,8,74.25,95,36,8,100.0
STU00144,Jared Bowman,31,Bachelor,1,0,1,0,0.0,7,4,6.91,48.37,60.71,57.14,6,67.83,87,37,4,66.67
STU00145,Michael Cox,30,High School,4,1,2,1,25.0,21,14,5.67,118.99,57.9,66.67,25,68.88,97,31,21,84.0
STU00146,Seth Reese,33,Master,5,0,4,1,0.0,23,10,5.92,136.17,49.65,43.48,19,62.0,94,35,14,73.68
STU00147,Susan Bailey,42,PhD,4,1,1,2,25.0,21,17,4.95,103.92,56.24,80.95,38,65.87,99,32,34,89.47
STU00148,Mary Thompson,33,Master,4,1,3,0,25.0,21,14,6.91,145.21,64.14,66.67,32,66.97,100,31,25,78.13
STU00149,Maria Downs,33,PhD,5,1,3,1,20.0,22,15,4.94,108.66,46.86,68.18,32,63.66,95,32,27,84.38
STU00150,Rebecca Vargas,39,PhD,4,1,2,1,25.0,20,12,4.87,97.3,52.7,60.0,22,71.68,95,37,16,72.73
STU00151,Angela Lin,44,Bachelor,4,3,1,0,75.0,30,21,4.48,134.31,38.5,70.0,40,68.83,94,30,31,77.5
STU00152,Stephanie Cole,30,High School,2,1,1,0,50.0,16,10,5.52,88.26,35.75,62.5,17,64.29,93,37,16,94.12
STU00153,Sara Haas,38,Bachelor,3,0,3,0,0.0,12,7,6.35,76.19,51.33,58.33,16,64.44,94,30,13,81.25
STU00154,Joseph Moore,23,Master,1,1,0,0,100.0,8,5,5.5,43.98,24.63,62.5,11,63.45,93,30,8,72.73
STU00155,Maria Jones,28,PhD,5,3,0,2,60.0,25,15,5.48,137.12,46.64,60.0,26,69.77,94,34,24,92.31
STU00156,Lindsey Hernandez,28,Master,2,0,1,1,0.0,12,8,3.84,46.1,45.25,66.67,17,65.53,98,34,15,88.24
STU00157,Jenna Larson,26,PhD,1,1,0,0,100.0,8,3,5.54,44.31,41.13,37.5,4,68.25,96,51,2,50.0
STU00158,Theresa Osborn,41,High School,5,0,4,1,0.0,19,10,4.91,93.2,56.32,52.63,17,64.94,92,34,13,76.47
STU00159,Daniel Meza,25,High School,1,0,1,0,0.0,7,6,4.64,32.45,55.71,85.71,12,62.0,90,32,10,83.33
STU00160,Katie Fernandez,42,Bachelor,2,1,1,0,50.0,9,5,4.61,41.46,37.44,55.56,8,74.38,97,58,6,75.0
STU00161,Christopher Schwartz,44,Bachelor,1,0,1,0,0.0,7,4,5.63,39.39,62.57,57.14,10,76.0,90,41,10,100.0
STU00162,Lisa Goodwin,22,High School,4,3,0,1,75.0,28,18,5.7,159.48,53.79,64.29,37,63.35,97,31,31,83.78
STU00163,Cheyenne Gregory,32,Master,5,2,2,1,40.0,25,13,5.9,147.54,48.04,52.0,22,70.45,99,43,18,81.82
STU00164,Ruth Solis,23,High School,1,0,0,1,0.0,6,3,3.82,22.92,48.33,50.0,5,72.8,96,54,5,100.0
STU00165,Michelle Black,27,High School,3,3,0,0,100.0,24,12,4.86,116.52,54.04,50.0,25,64.8,98,35,17,68.0
STU00166,Jeffrey Potts,36,PhD,2,1,1,0,50.0,12,7,4.07,48.85,42.5,58.33,16,73.69,94,34,10,62.5
STU00167,Cynthia Vang,40,High School,4,1,3,0,25.0,22,16,5.5,120.99,37.55,72.73,30,67.77,96,32,24,80.0
STU00168,Andrew Lowery,21,Master,3,1,0,2,33.33,12,7,5.53,66.36,49.58,58.33,15,70.67,99,41,13,86.67
STU00169,Bobby Scott,43,High School,2,1,0,1,50.0,12,3,4.7,56.38,48.92,25.0,9,62.22,84,34,8,88.89
STU00170,Eric Williams,35,Master,3,0,2,1,0.0,12,7,5.55,66.57,55.92,58.33,14,71.57,96,39,8,57.14
STU00171,Linda Smith,34,Master,4,3,1,0,75.0,28,16,6.67,186.69,56.32,57.14,31,71.48,100,39,24,77.42
STU00172,Chelsea Barnett,45,PhD,5,2,1,2,40.0,24,15,4.78,114.77,50.63,62.5,34,64.32,100,32,28,82.35
STU00173,Jeanette Harrison,31,PhD,3,1,1,1,33.33,14,8,4.75,66.5,48.29,57.14,14,65.71,98,30,12,85.71
STU00174,David Sandoval,31,Master,2,1,1,0,50.0,14,10,4.65,65.03,53.21,71.43,21,60.62,92,34,20,95.24
STU00175,Robin Thompson,32,Master,4,2,1,1,50.0,25,17,4.3,107.56,39.0,68.0,37,65.97,95,31,30,81.08
STU00176,Ricardo Ellis,45,High School,3,1,1,1,33.33,17,11,6.17,104.94,53.59,64.71,20,67.6,92,44,13,65.0
STU00177,Robert Kennedy,32,PhD,2,1,1,0,50.0,12,7,3.7,44.41,51.92,58.33,18,59.78,98,34,16,88.89
STU00178,Evelyn Martinez,28,PhD,1,1,0,0,100.0,8,2,4.66,37.3,52.13,25.0,5,66.0,90,50,2,40.0
STU00179,Jonathan Glass MD,23,Bachelor,2,1,1,0,50.0,13,5,4.93,64.08,59.62,38.46,11,59.73,82,32,9,81.82
STU00180,Brian Murphy,43,Master,3,1,1,1,33.33,16,9,4.73,75.65,34.25,56.25,23,63.04,89,32,20,86.96
STU00181,Nicholas Buck,37,Master,3,0,1,2,0.0,14,6,6.96,97.46,50.71,42.86,15,68.67,100,32,13,86.67
STU00182,Jose Brady,34,High School,3,2,1,0,66.67,22,15,3.98,87.53,54.55,68.18,32,65.63,91,30,24,75.0
STU00183,Austin Osborne,41,PhD,3,2,0,1,66.67,18,9,4.29,77.21,57.78,50.0,13,70.46,100,37,12,92.31
STU00184,Jacqueline Hines,40,PhD,2,1,0,1,50.0,9,4,5.58,50.25,49.22,44.44,7,64.0,86,40,4,57.14
STU00185,Noah Porter,43,High School,5,1,3,1,20.0,26,18,5.95,154.8,52.12,69.23,34,67.59,96,34,27,79.41
STU00186,Zachary Mitchell,25,Bachelor,5,1,1,3,20.0,19,13,5.9,112.06,44.05,68.42,29,70.14,100,34,23,79.31
STU00187,Yolanda Cochran,39,Master,1,0,1,0,0.0,2,0,4.53,9.05,50.5,0.0,0,0.0,0,0,0,0.0
STU00188,Michelle Ho,35,Master,3,1,2,0,33.33,20,12,5.0,99.91,41.4,60.0,26,74.85,93,52,19,73.08
STU00189,Johnny Ward,41,Master,3,0,2,1,0.0,16,9,5.42,86.7,49.81,56.25,17,63.41,100,32,13,76.47
STU00190,Zachary Higgins,40,Master,4,1,1,2,25.0,20,13,4.25,85.03,59.3,65.0,29,67.97,88,33,24,82.76
STU00191,Joanna Frazier,26,High School,3,1,2,0,33.33,22,14,6.29,138.35,44.32,63.64,23,69.96,97,30,19,82.61
STU00192,Thomas Brown,28,Bachelor,5,3,2,0,60.0,36,22,4.36,157.02,54.69,61.11,39,63.51,99,30,32,82.05
STU00193,Travis Stone,24,PhD,3,2,1,0,66.67,23,15,3.81,87.69,39.04,65.22,29,67.52,100,35,24,82.76
STU00194,Eric Ferguson,41,Master,5,0,5,0,0.0,28,20,4.99,139.68,44.39,71.43,38,68.74,100,31,29,76.32
STU00195,Gail Bradshaw,44,Master,3,2,1,0,66.67,20,10,6.23,124.69,46.0,50.0,23,65.26,100,32,22,95.65
STU00196,Marilyn Wang,29,Master,3,1,2,0,33.33,21,16,5.22,109.53,47.05,76.19,31,67.06,100,30,28,90.32
STU00197,Tyler Webb,40,Bachelor,1,0,0,1,0.0,2,1,6.08,12.16,49.5,50.0,1,84.0,84,84,0,0.0
STU00198,John Peterson,19,Master,4,0,1,3,0.0,5,4,5.42,27.09,51.2,80.0,9,71.33,96,42,7,77.78
STU00199,Philip Robertson,38,High School,3,0,2,1,0.0,15,9,5.63,84.45,28.93,60.0,20,71.25,89,38,19,95.0
STU00200,Dylan Cruz,36,PhD,2,1,1,0,50.0,12,9,5.98,71.8,30.58,75.0,17,67.29,100,32,13,76.47
STU00201,Phillip Jimenez,32,Bachelor,1,0,0,1,0.0,2,1,5.64,11.28,84.5,50.0,2,62.0,93,31,1,50.0
STU00202,Jim Allen,26,High School,3,2,1,0,66.67,21,12,6.01,126.25,44.38,57.14,21,65.76,89,43,19,90.48
STU00203,Donna Smith,30,High School,1,1,0,0,100.0,8,5,6.26,50.11,63.88,62.5,8,67.88,91,44,6,75.0
STU00204,James Hudson,22,Master,1,0,1,0,0.0,6,3,6.51,39.04,36.0,50.0,3,75.33,80,70,3,100.0
STU00205,Samantha Hanson,25,PhD,2,1,1,0,50.0,13,6,3.61,46.99,45.69,46.15,14,63.93,95,36,11,78.57
STU00206,Holly Thomas,42,PhD,5,4,1,0,80.0,35,24,4.87,170.38,50.71,68.57,48,64.08,98,37,40,83.33
STU00207,Kelly Hernandez,32,PhD,5,1,3,1,20.0,27,17,5.76,155.39,48.63,62.96,29,68.41,100,30,20,68.97
STU00208,Elizabeth Rogers,36,High School,1,1,0,0,100.0,8,5,5.44,43.53,63.5,62.5,13,68.92,85,48,12,92.31
STU00209,Brian Butler,42,Bachelor,1,1,0,0,100.0,8,6,3.31,26.51,50.38,75.0,11,73.64,97,49,6,54.55
STU00210,Paula Lane,39,Bachelor,2,1,1,0,50.0,10,5,4.55,45.55,52.4,50.0,10,65.9,92,34,7,70.0
STU00211,Brittany Becker,23,High School,3,0,2,1,0.0,14,8,4.44,62.18,34.93,57.14,13,74.0,94,51,9,69.23
STU00212,Jason Harris,18,PhD,1,0,1,0,0.0,7,5,5.13,35.92,63.0,71.43,9,67.78,88,41,7,77.78
STU00213,Kristina Bolton,27,Bachelor,3,0,1,2,0.0,13,8,4.71,61.17,59.15,61.54,16,62.56,91,31,14,87.5
STU00214,Hector Ingram,40,PhD,2,1,1,0,50.0,12,5,5.01,60.14,42.33,41.67,12,61.5,79,43,10,83.33
STU00215,Vickie Wise,39,Master,5,3,1,1,60.0,34,19,5.33,181.07,61.62,55.88,37,70.86,97,32,29,78.38
STU00216,Mikayla Roberts,31,Bachelor,4,1,2,1,25.0,26,15,5.43,141.26,42.12,57.69,30,65.03,99,31,25,83.33
STU00217,Andrew Moses,26,High School,4,3,0,1,75.0,27,12,4.5,121.48,62.59,44.44,26,68.88,99,35,20,76.92
STU00218,Joshua Fitzpatrick,23,Master,2,1,1,0,50.0,14,10,4.96,69.46,51.5,71.43,19,69.63,100,38,16,84.21
STU00219,Courtney Hall,21,Master,1,0,1,0,0.0,4,2,4.26,17.02,34.5,50.0,3,53.67,57,48,2,66.67
STU00220,Joshua Hickman,26,PhD,3,1,1,1,33.33,15,6,4.45,66.77,42.47,40.0,12,67.25,88,45,8,66.67
STU00221,Erica Brewer,20,High School,5,2,2,1,40.0,26,15,5.79,150.57,60.27,57.69,28,67.68,99,31,20,71.43
STU00222,Thomas Butler,41,Master,5,1,2,2,20.0,27,16,4.8,129.6,56.85,59.26,35,70.49,96,31,30,85.71
STU00223,Tonya Howe,20,High School,3,1,1,1,33.33,16,6,4.87,77.97,48.69,37.5,12,63.42,89,43,9,75.0
STU00224,William Daniels,36,Bachelor,1,1,0,0,100.0,8,6,5.82,46.53,59.0,75.0,11,64.91,92,38,8,72.73
STU00225,Erin Simon,34,PhD,5,3,2,0,60.0,35,21,5.68,198.64,50.43,60.0,46,71.04,96,31,40,86.96
STU00226,Levi Fowler,23,PhD,5,2,1,2,40.0,31,18,4.47,138.61,49.84,58.06,36,68.25,93,35,28,77.78
STU00227,William Woods,20,Master,4,2,2,0,50.0,24,13,6.13,147.04,55.83,54.17,32,68.28,97,30,20,62.5
STU00228,Kevin Berry,28,High School,3,2,1,0,66.67,22,17,6.07,133.45,59.64,77.27,34,68.97,94,33,28,82.35
STU00229,Michael Leblanc,28,PhD,2,1,0,1,50.0,11,9,2.91,32.04,48.55,81.82,22,63.91,93,31,17,77.27
STU00230,Christian Adkins,39,High School,4,0,2,2,0.0,6,4,4.5,27.01,43.33,66.67,11,61.45,96,30,7,63.64
STU00231,David Fischer,20,Master,2,1,1,0,50.0,14,9,4.08,57.09,43.0,64.29,20,60.4,79,30,17,85.0
STU00232,Ronald Leach,21,High School,5,3,1,1,60.0,35,15,5.6,195.87,49.17,42.86,31,69.61,95,39,25,80.65
STU00233,Daniel Aguilar,31,Bachelor,5,2,2,1,40.0,28,17,4.58,128.13,48.71,60.71,33,66.42,100,31,30,90.91
STU00234,Justin Hansen,37,PhD,4,1,1,2,25.0,16,7,4.9,78.44,35.94,43.75,16,71.56,96,39,15,93.75
STU00235,Jeff Graves,24,Bachelor,4,2,1,1,50.0,28,18,5.34,149.39,40.39,64.29,37,67.35,93,30,27,72.97
STU00236,Chad May,32,PhD,5,4,0,1,80.0,37,23,5.81,214.89,46.49,62.16,40,70.88,99,31,33,82.5
STU00237,Bobby Brandt,18,Bachelor,4,2,2,0,50.0,27,13,4.84,130.69,47.3,48.15,23,64.83,100,32,19,82.61
STU00238,William Davenport,27,High School,2,1,0,1,50.0,10,3,4.2,42.01,43.9,30.0,8,60.88,87,35,6,75.0
STU00239,David Murray,20,High School,2,1,1,0,50.0,13,6,6.11,79.49,38.23,46.15,12,64.5,99,37,7,58.33
STU00240,Jennifer Miranda,21,Bachelor,3,2,0,1,66.67,16,9,5.76,92.22,37.75,56.25,12,78.83,99,64,9,75.0
STU00241,Shelby Sanchez,40,Master,2,1,1,0,50.0,12,9,3.93,47.14,37.25,75.0,14,75.79,95,40,12,85.71
STU00242,Jonathan Roberts,44,PhD,4,2,2,0,50.0,28,18,6.01,168.31,46.89,64.29,41,69.83,96,32,33,80.49
STU00243,Connie Turner,32,Bachelor,4,1,2,1,25.0,27,14,6.24,168.57,62.26,51.85,29,69.62,100,33,26,89.66
STU00244,Kristi Williams,24,Bachelor,1,0,0,1,0.0,0,0,0.0,0.0,0.0,0.0,0,0.0,0,0,0,0.0
STU00245,James Webster,26,Master,5,2,3,0,40.0,29,16,5.4,156.54,52.86,55.17,30,66.23,99,33,24,80.0
STU00246,Suzanne Hart,44,Master,2,1,0,1,50.0,10,6,4.96,49.62,38.5,60.0,16,64.06,91,36,9,56.25
STU00247,Bob Cole,44,PhD,5,1,4,0,20.0,32,23,4.97,159.17,52.41,71.88,42,68.45,98,32,32,76.19
STU00248,Shelly Lopez,32,PhD,5,1,3,1,20.0,23,12,5.14,118.17,57.22,52.17,22,67.45,99,30,17,77.27
STU00249,Timothy Hayden,28,PhD,5,4,0,1,80.0,35,18,5.85,204.8,52.46,51.43,38,67.76,100,30,31,81.58
STU00250,Thomas Arnold,28,Bachelor,1,0,1,0,0.0,5,1,8.35,41.75,53.4,20.0,3,73.0,95,62,3,100.0
STU00251,Julie Lang,25,High School,1,0,1,0,0.0,8,4,4.98,39.86,53.63,50.0,11,65.82,98,38,8,72.73
STU00252,Sean Figueroa,41,PhD,3,3,0,0,100.0,24,16,5.57,133.75,55.13,66.67,33,61.73,100,31,25,75.76
STU00253,Gary James,39,Bachelor,3,0,2,1,0.0,11,6,5.98,65.81,41.18,54.55,12,63.0,93,34,10,83.33
STU00254,Tracy May,19,Master,5,3,1,1,60.0,33,20,6.06,200.05,43.79,60.61,40,69.03,93,31,30,75.0
STU00255,Catherine Preston,45,High School,4,1,3,0,25.0,24,14,3.83,91.92,49.5,58.33,23,70.0,100,31,18,78.26
STU00256,Aaron Taylor,18,Bachelor,3,2,0,1,66.67,16,10,5.9,94.37,57.0,62.5,20,66.25,87,34,17,85.0
STU00257,Mark Peck,45,Bachelor,4,4,0,0,100.0,32,15,5.99,191.52,53.28,46.88,28,62.04,100,30,22,78.57
STU00258,Joseph Hill,33,Master,5,2,2,1,40.0,31,16,5.79,179.63,49.9,51.61,28,69.86,94,34,23,82.14
STU00259,Corey Fox,38,Master,4,2,2,0,50.0,25,20,4.26,106.46,55.2,80.0,39,64.9,99,35,31,79.49
STU00260,Michael Evans,28,PhD,5,3,2,0,60.0,32,20,5.05,161.59,56.84,62.5,39,68.62,93,35,29,74.36
STU00261,John Walsh,37,Bachelor,5,0,3,2,0.0,21,13,4.81,101.09,48.76,61.9,27,67.48,99,30,24,88.89
STU00262,Valerie Jacobson,25,High School,5,2,0,3,40.0,22,10,6.0,131.95,60.95,45.45,23,64.87,100,30,17,73.91
STU00263,Thomas Cohen,21,High School,3,1,1,1,33.33,12,4,4.53,54.38,54.25,33.33,8,64.88,91,37,5,62.5
STU00264,Daniel Thomas,23,Master,3,0,3,0,0.0,18,8,5.9,106.27,54.61,44.44,14,66.71,95,49,11,78.57
STU00265,Jasmine Mosley,19,High School,4,2,2,0,50.0,27,14,5.19,140.06,51.81,51.85,28,63.07,98,33,26,92.86
STU00266,Jeffrey Roberson,29,PhD,1,0,1,0,0.0,0,0,0.0,0.0,0.0,0.0,0,0.0,0,0,0,0.0
STU00267,Rachel Hayes,25,PhD,2,0,1,1,0.0,6,4,3.83,22.99,58.33,66.67,8,61.0,99,37,7,87.5
STU00268,Angelica Montgomery,23,High School,3,1,2,0,33.33,19,12,4.93,93.63,46.21,63.16,23,67.0,99,30,16,69.57
STU00269,Nancy Stewart,37,Bachelor,2,0,0,2,0.0,5,1,7.26,36.28,61.0,20.0,2,67.5,89,46,1,50.0
STU00270,Brandon Jordan,36,Bachelor,2,0,1,1,0.0,8,6,5.65,45.2,48.75,75.0,9,68.22,78,53,7,77.78
STU00271,Erika Cruz,38,PhD,1,0,0,1,0.0,2,1,5.48,10.96,43.0,50.0,2,62.0,87,37,2,100.0
STU00272,Caroline Adams,39,PhD,5,4,0,1,80.0,35,20,5.22,182.53,57.06,57.14,40,64.95,94,30,32,80.0
STU00273,Mr. David Wright,39,Bachelor,3,1,2,0,33.33,17,7,4.71,80.1,52.29,41.18,12,69.83,92,44,9,75.0
STU00274,James Skinner,32,Master,3,1,0,2,33.33,9,6,4.53,40.8,53.22,66.67,12,72.08,99,30,11,91.67
STU00275,Marilyn Wheeler,40,PhD,2,1,1,0,50.0,11,6,6.4,70.42,46.55,54.55,12,65.83,97,37,9,75.0
STU00276,Doris Neal,24,PhD,5,2,3,0,40.0,28,18,6.52,182.6,50.36,64.29,32,69.25,100,31,26,81.25
STU00277,Jenna Wilson,25,Master,5,2,2,1,40.0,33,20,4.94,162.9,36.58,60.61,38,63.66,96,33,34,89.47
STU00278,Julia Erickson,40,High School,3,1,2,0,33.33,17,9,4.86,82.57,39.47,52.94,19,65.63,98,35,15,78.95
STU00279,Megan Taylor,26,High School,5,3,1,1,60.0,32,15,4.82,154.18,51.16,46.88,27,67.52,94,31,20,74.07
STU00280,Lauren Ferguson,44,Bachelor,5,1,4,0,20.0,32,23,5.11,163.61,51.94,71.88,51,65.47,100,30,38,74.51
STU00281,Margaret Miller,25,Bachelor,5,2,2,1,40.0,27,16,5.51,148.71,53.93,59.26,31,70.74,93,31,24,77.42
STU00282,Miss Jennifer Goodwin,39,Bachelor,1,0,1,0,0.0,4,2,5.67,22.69,39.0,50.0,4,67.5,73,62,3,75.0
STU00283,Lauren Johnston,38,High School,5,1,2,2,20.0,25,15,5.64,140.96,62.84,60.0,29,67.1,100,30,22,75.86
STU00284,Zachary Webb,43,High School,4,2,1,1,50.0,22,12,5.67,124.82,48.64,54.55,20,70.4,94,44,16,80.0
STU00285,Richard Boyd,41,High School,4,2,1,1,50.0,23,14,5.36,123.17,55.74,60.87,23,68.26,99,39,18,78.26
STU00286,Ashley Sweeney,28,PhD,3,1,2,0,33.33,22,12,4.68,102.98,55.68,54.55,22,70.18,98,30,17,77.27
STU00287,Erin Simmons,24,Master,2,0,1,1,0.0,8,2,5.78,46.25,33.63,25.0,2,79.0,91,67,1,50.0
STU00288,Jennifer Mclaughlin,44,Master,5,3,0,2,60.0,27,19,5.3,143.09,56.26,70.37,35,65.03,100,31,28,80.0
STU00289,Michael Flynn,43,Master,1,1,0,0,100.0,8,5,4.83,38.62,42.38,62.5,10,69.8,93,31,9,90.0
STU00290,Michael Burns,32,Bachelor,5,1,3,1,20.0,19,10,6.25,118.72,51.95,52.63,19,70.26,93,35,16,84.21
STU00291,Lisa Cervantes,45,PhD,4,1,2,1,25.0,20,11,4.08,81.53,56.6,55.0,19,68.58,95,36,15,78.95
STU00292,Bruce Brooks,20,High School,3,1,2,0,33.33,19,10,4.43,84.09,45.74,52.63,19,65.95,99,35,16,84.21
STU00293,Mark Steele,35,PhD,1,1,0,0,100.0,8,6,4.49,35.92,51.75,75.0,12,71.5,96,30,8,66.67
STU00294,Anthony Howard,39,Master,5,1,3,1,20.0,25,20,4.28,107.03,54.6,80.0,42,66.38,100,34,33,78.57
STU00295,Michael Perry PhD,44,Master,4,4,0,0,100.0,32,15,4.65,148.84,46.25,46.88,33,66.61,100,30,26,78.79
STU00296,Donald Medina,39,PhD,3,0,3,0,0.0,19,9,3.52,66.84,52.84,47.37,15,66.8,98,30,14,93.33
STU00297,Debra Daniels,37,Master,4,2,1,1,50.0,20,11,5.01,100.16,52.75,55.0,25,64.12,95,34,20,80.0
STU00298,Ronald Potter,38,PhD,3,1,1,1,33.33,13,10,6.39,83.12,54.77,76.92,18,64.28,100,30,14,77.78
STU00299,Sean Wilson,38,High School,2,0,2,0,0.0,16,5,5.37,85.89,44.56,31.25,8,63.75,99,35,6,75.0
STU00300,Jessica Jensen,19,Master,3,2,0,1,66.67,21,12,4.36,91.47,47.05,57.14,27,66.93,90,31,26,96.3
STU00301,Caroline Werner,21,Bachelor,3,2,1,0,66.67,21,17,6.71,140.86,43.62,80.95,39,62.64,97,32,34,87.18
STU00302,Rachel Sellers,30,Master,5,3,1,1,60.0,33,21,5.82,192.1,43.73,63.64,36,66.36,100,32,28,77.78
STU00303,Pam Lowe,36,Bachelor,1,1,0,0,100.0,8,6,5.57,44.52,37.25,75.0,16,62.38,99,31,15,93.75
STU00304,Mark Beard,38,PhD,3,2,1,0,66.67,22,12,4.66,102.43,53.14,54.55,28,65.86,97,30,24,85.71
STU00305,John Perkins,26,Master,1,0,1,0,0.0,5,3,5.38,26.88,53.0,60.0,4,74.5,86,62,3,75.0
STU00306,Joseph Robinson,32,Bachelor,5,2,2,1,40.0,27,13,5.9,159.23,51.93,48.15,24,71.33,94,48,22,91.67
STU00307,Kenneth Knight,21,Master,4,2,2,0,50.0,26,21,4.98,129.45,54.35,80.77,40,68.6,99,32,31,77.5
STU00308,Julia Martinez,19,Master,3,2,0,1,66.67,21,8,4.6,96.62,49.1,38.1,16,67.88,98,35,10,62.5
STU00309,Sonia Turner,21,High School,2,1,0,1,50.0,10,5,5.34,53.41,48.6,50.0,9,70.11,95,37,6,66.67
STU00310,Amber Garrett,38,High School,1,0,1,0,0.0,5,4,3.43,17.17,55.8,80.0,9,70.78,93,50,5,55.56
STU00311,Kevin Stone,43,Bachelor,1,1,0,0,100.0,8,4,4.99,39.9,52.5,50.0,8,67.0,95,31,7,87.5
STU00312,Melissa Woods,43,Bachelor,2,1,1,0,50.0,13,8,3.82,49.64,55.23,61.54,16,71.19,93,51,14,87.5
STU00313,Breanna Ayala,44,Bachelor,5,2,3,0,40.0,24,15,4.42,106.03,42.38,62.5,25,66.24,96,35,15,60.0
STU00314,Carly Bell,44,Master,3,1,1,1,33.33,14,11,4.82,67.47,46.93,78.57,20,70.5,98,31,17,85.0
STU00315,Angelica Garcia,43,High School,2,0,2,0,0.0,15,9,5.13,76.96,52.27,60.0,22,70.27,94,41,18,81.82
STU00316,Matthew Wright,45,Bachelor,3,0,1,2,0.0,9,5,4.73,42.57,58.89,55.56,10,59.4,83,31,6,60.0
STU00317,James Lucas,43,High School,1,0,0,1,0.0,5,2,6.56,32.82,43.2,40.0,5,68.6,90,40,4,80.0
STU00318,Vanessa Hatfield,22,Master,4,0,2,2,0.0,18,9,7.43,133.79,41.78,50.0,17,70.53,99,35,15,88.24
STU00319,Tiffany Townsend,36,High School,5,3,2,0,60.0,36,17,4.45,160.04,53.28,47.22,31,70.61,98,31,23,74.19
STU00320,Jennifer Mitchell,26,Bachelor,5,2,3,0,40.0,36,24,5.7,205.08,53.69,66.67,43,69.44,99,31,38,88.37
STU00321,Diamond Collins,34,High School,2,0,2,0,0.0,12,6,5.29,63.51,43.25,50.0,15,63.07,89,34,13,86.67
STU00322,Marie Day,32,High School,3,2,1,0,66.67,18,12,5.81,104.63,63.22,66.67,19,61.21,98,30,12,63.16
STU00323,Logan Brown,34,High School,3,1,2,0,33.33,19,14,5.21,99.04,34.32,73.68,24,69.83,99,32,21,87.5
STU00324,Kelly Logan,32,High School,4,2,0,2,50.0,16,10,4.4,70.33,38.5,62.5,22,63.86,99,33,17,77.27
STU00325,Frances Patterson,33,PhD,2,0,1,1,0.0,8,4,4.94,39.55,55.63,50.0,7,57.0,80,31,5,71.43
STU00326,Amy Villarreal,33,PhD,2,1,1,0,50.0,12,7,5.36,64.37,43.0,58.33,15,59.6,90,33,9,60.0
STU00327,Crystal Hicks,20,Bachelor,5,3,2,0,60.0,29,19,5.03,145.74,49.1,65.52,31,70.84,99,32,23,74.19
STU00328,Cassidy Horne,22,Master,3,1,2,0,33.33,19,13,5.22,99.17,61.89,68.42,30,72.23,99,35,26,86.67
STU00329,Jason Cortez,37,Master,5,4,1,0,80.0,36,25,6.21,223.49,42.39,69.44,54,66.91,98,32,40,74.07
STU00330,Daniel Black,34,PhD,5,4,1,0,80.0,39,24,5.09,198.33,56.79,61.54,42,64.52,98,31,29,69.05
STU00331,Erin Tran,43,High School,2,2,0,0,100.0,16,11,5.6,89.65,54.81,68.75,20,66.85,91,33,13,65.0
STU00332,Kevin Snyder,31,Bachelor,4,0,4,0,0.0,19,11,5.7,108.29,62.16,57.89,22,68.73,98,30,19,86.36
STU00333,David Reed,28,PhD,4,1,2,1,25.0,21,14,4.16,87.31,54.67,66.67,24,74.17,99,33,20,83.33
STU00334,Ashley Moreno,41,Master,2,0,2,0,0.0,9,8,4.76,42.82,64.78,88.89,17,63.71,87,44,12,70.59
STU00335,David Bruce,28,Master,1,0,0,1,0.0,3,1,5.92,17.76,41.0,33.33,2,69.5,87,52,1,50.0
STU00336,Casey Wilkins,22,PhD,4,2,1,1,50.0,25,15,4.95,123.82,51.76,60.0,32,65.22,100,33,23,71.88
STU00337,Ethan Owen,20,High School,1,0,1,0,0.0,2,1,3.96,7.91,31.5,50.0,2,58.5,80,37,1,50.0
STU00338,Lauren Moore,21,Master,2,1,1,0,50.0,13,7,5.84,75.95,48.92,53.85,16,59.25,89,31,12,75.0
STU00339,Jodi Ford,35,Master,2,1,0,1,50.0,10,8,4.47,44.72,60.8,80.0,18,65.39,99,31,12,66.67
STU00340,Cindy Gates,31,PhD,3,1,1,1,33.33,16,10,3.9,62.37,43.5,62.5,22,66.09,88,32,17,77.27
STU00341,Debbie Ewing,27,Master,5,1,3,1,20.0,30,20,4.55,136.41,48.63,66.67,39,68.9,99,31,30,76.92
STU00342,Brian Leon,21,Bachelor,4,0,2,2,0.0,9,5,3.53,31.73,27.44,55.56,12,70.83,83,35,11,91.67
STU00343,Michael Pace,39,Bachelor,4,3,1,0,75.0,29,16,4.53,131.3,47.34,55.17,31,64.52,96,31,22,70.97
STU00344,Matthew Lamb,29,Master,1,0,1,0,0.0,3,2,7.12,21.37,41.33,66.67,4,65.0,94,49,3,75.0
STU00345,Christopher Berry,42,Bachelor,4,1,3,0,25.0,23,17,4.98,114.43,60.09,73.91,34,67.68,99,37,25,73.53
STU00346,Cody Ramirez,45,High School,3,3,0,0,100.0,24,11,5.36,128.61,54.75,45.83,27,65.96,98,33,22,81.48
STU00347,Juan Brown,18,Master,3,1,1,1,33.33,19,11,5.3,100.72,45.0,57.89,26,66.23,98,31,20,76.92
STU00348,Zachary Stephens,28,High School,3,1,2,0,33.33,20,10,3.75,75.05,35.45,50.0,21,70.62,99,31,18,85.71
STU00349,Dr. Jonathan Price,45,PhD,1,0,1,0,0.0,4,3,7.31,29.25,44.5,75.0,8,67.13,92,45,5,62.5
STU00350,Robert Ruiz,22,High School,5,1,4,0,20.0,26,9,5.6,145.66,55.62,34.62,16,69.75,98,40,12,75.0
STU00351,Robert Stark,41,Bachelor,2,1,1,0,50.0,13,9,5.28,68.6,46.38,69.23,19,65.89,95,35,14,73.68
STU00352,Timothy Frey,31,Master,3,1,2,0,33.33,19,10,6.03,114.5,53.68,52.63,22,64.86,88,33,18,81.82
STU00353,Michele Bell,29,Master,3,1,1,1,33.33,13,10,4.73,61.54,50.54,76.92,21,58.86,100,31,14,66.67
STU00354,Brandon Hall II,19,Bachelor,4,3,1,0,75.0,30,16,5.95,178.42,36.8,53.33,33,64.36,99,34,22,66.67
STU00355,Tamara Richard,39,Master,4,0,2,2,0.0,20,14,4.42,88.46,49.95,70.0,28,67.46,100,32,21,75.0
STU00356,Joseph Diaz,39,PhD,1,1,0,0,100.0,8,5,6.94,55.55,46.63,62.5,12,63.08,89,35,9,75.0
STU00357,Chad Moore,31,Bachelor,3,1,2,0,33.33,20,12,3.41,68.17,46.8,60.0,23,64.91,98,41,20,86.96
STU00358,Melissa Mcfarland,29,High School,1,1,0,0,100.0,8,7,5.78,46.22,35.88,87.5,15,70.07,92,30,11,73.33
STU00359,Christopher Smith,39,PhD,3,1,2,0,33.33,19,11,4.81,91.38,51.63,57.89,22,63.68,99,33,19,86.36
STU00360,Robert Carr,19,PhD,1,1,0,0,100.0,8,5,2.93,23.45,42.0,62.5,10,69.6,82,49,10,100.0
STU00361,Mrs. Stacey Davis,18,Master,4,2,2,0,50.0,27,21,4.88,131.66,43.19,77.78,38,66.66,97,31,28,73.68
STU00362,Brian Smith,42,Master,1,0,1,0,0.0,6,1,6.28,37.71,58.33,16.67,2,63.0,68,58,1,50.0
STU00363,Heather Bennett,28,High School,2,0,2,0,0.0,9,4,7.2,64.83,31.56,44.44,7,66.14,89,38,3,42.86
STU00364,Benjamin Singleton,41,Bachelor,5,2,2,1,40.0,27,13,5.97,161.26,51.3,48.15,26,69.54,100,35,20,76.92
STU00365,Nicholas Payne,30,Bachelor,3,2,1,0,66.67,19,11,4.09,77.73,55.58,57.89,19,64.0,84,31,12,63.16
STU00366,Carmen Preston,20,High School,4,3,0,1,75.0,27,15,6.18,166.75,49.44,55.56,30,64.63,97,33,23,76.67
STU00367,Monica Baker,18,High School,4,2,1,1,50.0,20,10,5.34,106.8,46.05,50.0,18,69.0,94,41,14,77.78
STU00368,Anthony Smith Jr.,36,PhD,3,2,1,0,66.67,21,13,5.66,118.86,53.48,61.9,21,66.33,90,38,16,76.19
STU00369,Kara Wilson,27,PhD,2,1,1,0,50.0,13,6,4.99,64.83,64.54,46.15,12,61.5,83,33,9,75.0
STU00370,Jacob James,28,PhD,1,1,0,0,100.0,8,5,5.73,45.85,62.38,62.5,9,70.0,95,43,4,44.44
STU00371,Antonio Goodwin,20,High School,1,0,0,1,0.0,5,4,5.07,25.34,63.0,80.0,6,68.83,100,50,5,83.33
STU00372,Kristen Randall,31,PhD,2,1,1,0,50.0,15,9,6.6,99.07,51.27,60.0,21,66.95,100,30,13,61.9
STU00373,Blake Orr,30,Master,1,1,0,0,100.0,8,5,7.46,59.68,69.5,62.5,6,66.67,97,33,5,83.33
STU00374,Travis Cole,28,High School,4,1,2,1,25.0,19,9,3.95,75.1,44.84,47.37,14,64.21,96,30,12,85.71
STU00375,Jessica Osborn DDS,34,Bachelor,2,2,0,0,100.0,16,11,4.89,78.29,61.88,68.75,24,67.88,97,36,21,87.5
STU00376,Donald Ellis,29,Bachelor,3,2,1,0,66.67,19,11,5.71,108.53,48.74,57.89,20,69.75,95,36,17,85.0
STU00377,Charles Matthews,21,Master,5,2,2,1,40.0,26,14,3.48,90.43,51.81,53.85,26,66.73,94,31,19,73.08
STU00378,Hailey Jenkins,23,Bachelor,5,5,0,0,100.0,40,32,5.69,227.47,48.15,80.0,68,63.91,99,30,57,83.82
STU00379,Charles Franklin,23,PhD,1,1,0,0,100.0,8,6,4.26,34.09,37.5,75.0,8,71.13,97,51,6,75.0
STU00380,Derrick Watson,42,PhD,5,1,0,4,20.0,21,13,4.68,98.31,45.14,61.9,30,69.13,99,36,21,70.0
STU00381,Annette Melton,45,Master,4,2,2,0,50.0,31,15,4.3,133.15,54.52,48.39,32,69.81,95,31,25,78.13
STU00382,Ann Alexander,32,PhD,4,2,0,2,50.0,19,10,5.36,101.78,55.16,52.63,18,66.11,92,33,13,72.22
STU00383,Rick Jones,38,Master,3,1,2,0,33.33,12,10,5.19,62.32,47.5,83.33,16,69.5,95,32,11,68.75
STU00384,Christina Brown,29,High School,3,2,1,0,66.67,19,11,6.08,115.5,38.84,57.89,24,71.71,100,43,19,79.17
STU00385,Kathy Reid,32,High School,4,1,2,1,25.0,23,10,5.64,129.67,44.96,43.48,19,70.58,98,38,16,84.21
STU00386,Karen Arnold,29,High School,1,0,1,0,0.0,3,0,3.94,11.81,37.33,0.0,0,0.0,0,0,0,0.0
STU00387,Kenneth Hanna,37,PhD,2,1,1,0,50.0,16,9,5.01,80.12,48.31,56.25,19,69.53,98,36,18,94.74
STU00388,Richard Saunders,36,High School,5,2,1,2,40.0,25,13,5.33,133.16,39.84,52.0,25,63.36,100,31,19,76.0
STU00389,Lee Hahn,43,Bachelor,1,1,0,0,100.0,8,5,6.1,48.78,59.5,62.5,12,68.5,97,46,11,91.67
STU00390,Joseph Hanson,37,Bachelor,5,2,3,0,40.0,29,18,5.49,159.07,54.62,62.07,34,69.09,100,35,24,70.59
STU00391,Elizabeth Rodriguez,32,Master,4,0,4,0,0.0,15,9,5.13,76.92,44.67,60.0,17,64.88,92,34,16,94.12
STU00392,Tiffany Curtis,34,Bachelor,1,1,0,0,100.0,8,5,4.05,32.39,70.5,62.5,10,70.7,92,32,8,80.0
STU00393,Jennifer Flores,25,PhD,1,0,1,0,0.0,3,3,3.65,10.94,63.67,100.0,6,63.17,82,52,6,100.0
STU00394,Norman Aguilar,34,Bachelor,1,1,0,0,100.0,8,4,3.21,25.66,50.13,50.0,11,66.36,97,31,9,81.82
STU00395,Todd Howard,29,PhD,2,2,0,0,100.0,16,8,4.74,75.85,58.56,50.0,14,66.0,85,48,14,100.0
STU00396,Molly Hansen,42,High School,5,1,3,1,20.0,19,10,5.28,100.38,36.84,52.63,16,64.25,98,34,9,56.25
STU00397,Seth Fisher,20,High School,4,1,3,0,25.0,20,13,5.17,103.39,45.5,65.0,28,61.57,96,32,21,75.0
STU00398,Mark Carpenter,27,Bachelor,3,1,1,1,33.33,14,5,5.3,74.13,41.64,35.71,9,81.0,93,54,7,77.78
STU00399,Jennifer Pitts,20,Bachelor,3,2,1,0,66.67,24,15,5.3,127.16,44.38,62.5,28,65.71,96,36,22,78.57
STU00400,Mrs. Shannon White,27,PhD,2,0,1,1,0.0,8,5,4.16,33.24,58.13,62.5,11,72.73,99,42,8,72.73
STU00401,Donald Juarez,37,High School,3,1,2,0,33.33,14,8,4.85,67.91,42.79,57.14,17,71.0,91,39,14,82.35
STU00402,Jennifer Sanford,35,Master,5,3,1,1,60.0,34,20,3.98,135.26,52.06,58.82,40,69.8,100,35,33,82.5
STU00403,Frank Whitaker,39,High School,3,1,2,0,33.33,15,6,5.58,83.73,47.27,40.0,10,68.4,96,30,9,90.0
STU00404,Emily Garcia,34,High School,4,1,2,1,25.0,16,13,5.15,82.41,56.63,81.25,28,68.86,100,35,19,67.86
STU00405,Gail Barron,27,Bachelor,3,2,0,1,66.67,18,12,5.42,97.6,62.78,66.67,25,69.6,96,31,21,84.0
STU00406,Tamara Powell,42,Bachelor,4,2,1,1,50.0,20,11,5.06,101.12,50.75,55.0,24,72.04,99,30,18,75.0
STU00407,Barbara Dawson,22,High School,1,0,0,1,0.0,2,1,7.04,14.08,64.0,50.0,3,56.33,72,40,3,100.0
STU00408,Mary Valdez MD,45,High School,3,2,1,0,66.67,22,17,4.57,100.45,43.95,77.27,32,68.63,99,31,25,78.13
STU00409,Michael Mccoy,42,Bachelor,3,0,3,0,0.0,14,12,5.48,76.76,60.86,85.71,22,72.09,93,31,20,90.91
STU00410,Ronald Garcia,22,Bachelor,4,1,2,1,25.0,20,10,5.37,107.46,42.7,50.0,28,68.29,100,30,24,85.71
STU00411,Sandra Dudley,41,High School,4,3,1,0,75.0,30,21,4.65,139.35,58.37,70.0,40,68.03,100,30,33,82.5
STU00412,Timothy Rivera,29,Bachelor,4,2,2,0,50.0,30,18,4.77,143.06,58.5,60.0,37,65.41,95,33,35,94.59
STU00413,Travis Chan Jr.,37,PhD,5,2,2,1,40.0,31,20,6.0,186.07,49.1,64.52,47,66.91,99,35,37,78.72
STU00414,Robert Sawyer,35,Master,2,1,0,1,50.0,9,6,5.81,52.3,53.67,66.67,10,68.8,91,43,10,100.0
STU00415,Amber Christian,44,Master,4,2,2,0,50.0,25,16,4.32,108.06,49.08,64.0,34,70.71,94,30,30,88.24
STU00416,Robert White,32,PhD,5,4,1,0,80.0,39,27,5.36,208.87,48.67,69.23,53,68.85,99,31,45,84.91
STU00417,Rebecca Banks,23,Bachelor,5,2,2,1,40.0,33,17,4.53,149.64,55.55,51.52,28,68.71,97,36,23,82.14
STU00418,Thomas Webb,19,PhD,3,1,1,1,33.33,14,11,4.4,61.65,47.07,78.57,26,66.35,98,40,22,84.62
STU00419,Sara Mcpherson,35,High School,4,3,0,1,75.0,28,19,5.07,142.05,47.21,67.86,43,66.14,100,30,35,81.4
STU00420,Ernest Bush,20,Master,4,2,2,0,50.0,27,17,5.36,144.62,49.89,62.96,34,65.38,100,31,28,82.35
STU00421,Anna Stanley,34,PhD,4,1,2,1,25.0,21,11,5.76,120.98,53.52,52.38,27,63.78,95,33,21,77.78
STU00422,Stephanie Salazar,25,Master,1,0,1,0,0.0,7,2,4.18,29.26,37.86,28.57,5,66.4,98,34,3,60.0
STU00423,Paul Flores,31,PhD,4,3,1,0,75.0,30,18,6.21,186.36,47.53,60.0,35,72.0,98,33,25,71.43
STU00424,David Stevens,25,High School,2,1,1,0,50.0,13,12,5.81,75.56,48.23,92.31,21,67.71,98,32,19,90.48
STU00425,Matthew Garcia MD,25,Master,2,1,1,0,50.0,16,8,4.56,72.97,43.0,50.0,14,58.93,97,32,13,92.86
STU00426,Christine Powers,44,Master,4,1,2,1,25.0,18,11,3.82,68.71,44.56,61.11,25,68.6,98,31,23,92.0
STU00427,Kara Sandoval,22,Master,2,1,1,0,50.0,11,9,6.93,76.21,51.0,81.82,21,69.29,95,37,19,90.48
STU00428,Mark Marsh,40,PhD,3,2,0,1,66.67,17,10,6.31,107.26,60.65,58.82,22,70.27,99,30,17,77.27
STU00429,Jennifer King,37,High School,2,1,1,0,50.0,15,9,3.99,59.89,62.87,60.0,16,70.06,95,43,10,62.5
STU00430,Michelle Rodriguez,26,Bachelor,3,1,1,1,33.33,19,13,4.96,94.22,52.89,68.42,23,71.0,100,35,19,82.61
STU00431,Judith Lawrence,21,Bachelor,4,1,3,0,25.0,26,20,4.64,120.68,62.27,76.92,34,66.65,94,32,29,85.29
STU00432,Kevin Glass,21,Bachelor,5,2,2,1,40.0,27,16,4.87,131.61,50.07,59.26,28,66.64,97,30,27,96.43
STU00433,Sonya Gordon,38,PhD,4,1,2,1,25.0,21,13,5.0,104.91,46.38,61.9,30,69.27,95,40,23,76.67
STU00434,Grant Phillips,21,High School,5,2,1,2,40.0,25,16,4.61,115.14,41.88,64.0,39,74.18,99,32,32,82.05
STU00435,Shannon Joseph,40,Master,3,0,2,1,0.0,14,8,7.67,107.37,53.0,57.14,14,63.14,89,38,10,71.43
STU00436,Vicki Santos,18,Master,3,2,1,0,66.67,23,12,4.86,111.8,37.43,52.17,23,66.43,100,31,19,82.61
STU00437,John Duncan,36,Bachelor,1,1,0,0,100.0,8,3,4.64,37.14,45.38,37.5,6,74.17,86,68,4,66.67
STU00438,Kelly Johnson,34,High School,3,1,1,1,33.33,13,9,6.33,82.24,53.0,69.23,16,62.0,98,37,14,87.5
STU00439,Miss Brianna Brown,30,High School,4,4,0,0,100.0,32,15,5.44,173.96,49.19,46.88,30,68.67,97,32,21,70.0
STU00440,Megan Hoffman,29,High School,1,1,0,0,100.0,8,6,4.31,34.47,44.38,75.0,15,68.87,95,38,14,93.33
STU00441,Donna Beck,43,Master,5,3,1,1,60.0,32,20,4.86,155.55,53.5,62.5,37,68.19,100,30,29,78.38
STU00442,Patrick Harris,41,High School,4,0,3,1,0.0,20,15,4.49,89.73,35.45,75.0,29,67.41,100,33,23,79.31
STU00443,Kimberly Morrison,22,Master,1,1,0,0,100.0,8,4,7.04,56.33,43.75,50.0,9,67.78,92,35,8,88.89
STU00444,Jose Bennett,44,Bachelor,1,1,0,0,100.0,8,7,5.48,43.81,56.75,87.5,15,60.2,90,36,11,73.33
STU00445,Gary Mckinney,40,Bachelor,4,2,2,0,50.0,29,16,6.17,179.02,63.0,55.17,38,64.55,100,37,32,84.21
STU00446,Sarah Turner,20,PhD,3,2,1,0,66.67,22,13,3.93,86.39,54.91,59.09,29,69.38,98,40,22,75.86
STU00447,Jonathan Perry,27,High School,1,0,1,0,0.0,4,3,5.51,22.04,52.25,75.0,8,71.5,98,37,7,87.5
STU00448,Daniel Goodwin,19,Master,5,2,1,2,40.0,25,11,4.97,124.37,54.8,44.0,26,61.96,94,30,19,73.08
STU00449,David May,44,PhD,2,1,0,1,50.0,10,5,4.85,48.52,51.4,50.0,9,68.89,90,47,7,77.78
STU00450,Janice Fernandez,19,Bachelor,5,4,1,0,80.0,37,19,5.44,201.4,54.62,51.35,39,71.38,97,33,33,84.62
STU00451,Mr. Matthew Flores,29,Master,3,0,2,1,0.0,13,7,4.24,55.11,52.85,53.85,13,65.15,92,36,9,69.23
STU00452,Michael Ayala,21,PhD,5,2,2,1,40.0,31,18,6.21,192.52,36.74,58.06,33,72.33,100,34,25,75.76
STU00453,Patricia Lucas,41,PhD,4,1,2,1,25.0,20,13,4.93,98.62,44.4,65.0,22,71.14,98,36,15,68.18
STU00454,Anthony Bauer,23,PhD,1,1,0,0,100.0,8,4,3.34,26.7,45.5,50.0,8,59.75,97,35,7,87.5
STU00455,Jessica Smith,43,Master,2,2,0,0,100.0,16,9,3.6,57.64,46.88,56.25,18,69.83,94,33,14,77.78
STU00456,Mercedes Jones,41,High School,5,1,1,3,20.0,19,9,5.17,98.27,51.32,47.37,15,65.13,98,40,13,86.67
STU00457,Jane Short,37,Master,2,2,0,0,100.0,16,13,5.85,93.64,53.31,81.25,24,69.79,99,33,21,87.5
STU00458,Kimberly Choi,21,Master,5,2,2,1,40.0,29,20,4.67,135.43,47.86,68.97,36,66.06,94,36,28,77.78
STU00459,Kristen Peters,27,PhD,1,1,0,0,100.0,8,6,2.98,23.87,57.88,75.0,11,73.73,91,38,7,63.64
STU00460,Daniel Figueroa,40,Master,2,0,2,0,0.0,4,3,3.13,12.5,41.0,75.0,9,63.22,94,38,8,88.89
STU00461,Cheyenne White,19,Master,3,0,3,0,0.0,15,9,6.13,91.97,48.8,60.0,16,73.94,99,32,15,93.75
STU00462,Michael King,26,High School,5,2,1,2,40.0,25,17,4.91,122.87,47.52,68.0,33,73.58,98,52,29,87.88
STU00463,Ariel Harvey,39,PhD,2,1,1,0,50.0,13,10,3.55,46.13,56.77,76.92,23,62.3,92,30,20,86.96
STU00464,Krystal Diaz,34,Bachelor,4,0,3,1,0.0,20,9,4.62,92.43,52.1,45.0,16,68.69,98,36,14,87.5
STU00465,Margaret Hill,22,PhD,4,2,1,1,50.0,21,13,5.81,121.92,53.19,61.9,26,63.58,86,35,23,88.46
STU00466,Juan Thompson,22,Bachelor,5,3,2,0,60.0,34,20,4.53,154.11,52.53,58.82,46,67.11,98,30,41,89.13
STU00467,Stephen Jones,29,High School,2,0,1,1,0.0,7,2,5.14,36.0,51.86,28.57,6,58.33,73,31,6,100.0
STU00468,Patricia Lewis,39,Master,3,1,2,0,33.33,23,10,4.99,114.73,46.91,43.48,23,74.48,100,45,16,69.57
STU00469,James Vance,32,Bachelor,4,3,1,0,75.0,31,18,5.06,156.92,51.55,58.06,36,66.31,94,34,30,83.33
STU00470,David Maynard,30,Master,5,2,3,0,40.0,38,26,4.29,163.08,49.61,68.42,52,69.79,99,30,44,84.62
STU00471,Shelby Thomas,21,Bachelor,1,0,1,0,0.0,7,5,4.91,34.4,48.0,71.43,10,65.8,92,48,7,70.0
STU00472,Jacob Williams,34,High School,5,3,1,1,60.0,30,16,6.06,181.74,48.27,53.33,33,66.12,98,32,30,90.91
STU00473,Amanda Wong,42,PhD,5,0,3,2,0.0,22,11,4.59,101.0,50.59,50.0,20,74.0,99,35,17,85.0
STU00474,Laura Bennett,37,PhD,4,2,2,0,50.0,19,13,5.24,99.54,44.32,68.42,28,70.14,97,44,23,82.14
STU00475,Courtney Sullivan,21,High School,1,1,0,0,100.0,8,6,3.9,31.23,39.38,75.0,14,65.43,91,39,12,85.71
STU00476,David Robertson,23,PhD,4,2,2,0,50.0,29,10,4.71,136.58,47.45,34.48,18,72.17,100,30,17,94.44
STU00477,David Shepherd,43,Master,3,3,0,0,100.0,24,14,5.14,123.32,53.42,58.33,29,62.66,99,34,26,89.66
STU00478,Alison Williams,40,Master,2,1,1,0,50.0,11,6,5.1,56.07,42.45,54.55,10,70.1,88,36,9,90.0
STU00479,Christopher Mullen,45,Bachelor,1,1,0,0,100.0,8,6,6.55,52.39,48.0,75.0,11,74.45,99,31,7,63.64
STU00480,Willie Dillon,34,High School,3,1,2,0,33.33,18,11,5.57,100.2,57.11,61.11,21,64.76,99,31,18,85.71
STU00481,Lisa Dixon,43,Bachelor,3,1,2,0,33.33,13,7,4.75,61.78,35.85,53.85,19,66.95,96,30,15,78.95
STU00482,James Rodriguez,18,Master,2,0,1,1,0.0,4,2,4.07,16.29,57.25,50.0,3,81.0,83,78,3,100.0
STU00483,Cassandra Valenzuela,43,Bachelor,4,1,2,1,25.0,19,12,4.84,92.02,58.21,63.16,24,70.46,100,37,20,83.33
STU00484,Larry Carey,20,PhD,4,1,0,3,25.0,19,14,5.02,95.31,42.95,73.68,28,67.5,99,31,25,89.29
STU00485,Robert Clarke,34,PhD,5,2,3,0,40.0,35,26,5.54,193.74,52.4,74.29,54,70.09,100,36,46,85.19
STU00486,Anne Anderson,22,High School,2,2,0,0,100.0,16,11,5.21,83.37,58.69,68.75,22,72.23,93,37,18,81.82
STU00487,Colin Fletcher,32,Master,3,2,1,0,66.67,19,11,5.04,95.73,60.58,57.89,26,66.81,98,31,20,76.92
STU00488,Emily Cox,44,Bachelor,1,1,0,0,100.0,8,5,4.56,36.45,62.88,62.5,9,63.67,90,43,6,66.67
STU00489,Lisa Braun,31,High School,5,4,1,0,80.0,35,24,5.49,192.25,50.03,68.57,49,65.84,100,30,39,79.59
STU00490,Justin Webb,34,Master,5,5,0,0,100.0,40,23,5.95,238.11,50.98,57.5,38,65.74,100,32,33,86.84
STU00491,Michael Martin,23,Bachelor,3,2,1,0,66.67,20,13,5.62,112.38,49.95,65.0,21,68.14,95,41,18,85.71
STU00492,Caitlyn Oconnell,34,High School,5,3,2,0,60.0,34,14,4.11,139.9,54.65,41.18,26,70.88,100,34,22,84.62
STU00493,Dennis Wood,24,Master,2,0,1,1,0.0,9,4,4.94,44.5,68.89,44.44,10,70.2,88,42,8,80.0
STU00494,Victor Brown,38,High School,2,0,2,0,0.0,8,3,4.82,38.57,27.5,37.5,7,69.43,92,31,6,85.71
STU00495,Donna Johnson,36,Bachelor,1,0,1,0,0.0,7,7,8.83,61.81,60.14,100.0,11,76.64,98,38,10,90.91
STU00496,Angie Hill,39,Master,5,2,3,0,40.0,31,22,6.24,193.29,43.68,70.97,42,58.43,100,31,35,83.33
STU00497,Michael Calhoun,44,High School,1,1,0,0,100.0,8,4,6.18,49.47,49.0,50.0,9,64.22,89,39,9,100.0
STU00498,Larry Lee,38,Master,2,1,1,0,50.0,9,8,3.12,28.04,51.56,88.89,13,72.08,100,33,12,92.31
STU00499,Kathy Morgan,42,PhD,4,2,2,0,50.0,29,13,5.91,171.37,41.0,44.83,23,70.04,97,36,16,69.57
STU00500,Jeremy Bennett,33,Master,4,2,2,0,50.0,25,14,5.49,137.18,55.44,56.0,29,70.55,99,33,25,86.21
