student_id,name,age,education_level,total_enrollments,completed_courses,active_courses,dropped_courses,completion_rate,total_modules_attempted,modules_completed,avg_time_per_module,total_study_hours,avg_progress_percentage,module_completion_rate,total_assessments,avg_score,max_score,min_score,assessments_passed,pass_rate,risk_level
STU00001,Allison Hill,38,High School,1,0,0,1,0.0,4,1,4.69,18.75,67.75,25.0,3,60.33,81,30,3,100.0,Medium
STU00005,Kimberly Dudley,25,High School,2,0,1,1,0.0,6,5,3.82,22.9,67.67,83.33,9,68.56,97,50,7,77.78,Medium
STU00006,Corey Jones,40,PhD,1,0,1,0,0.0,8,6,4.82,38.58,48.88,75.0,12,65.17,92,50,8,66.67,Medium
STU00015,Phillip Ryan,39,Master,3,0,1,2,0.0,16,11,5.67,90.66,49.19,68.75,25,71.56,98,40,21,84.0,Medium
STU00022,Heather Jenkins,39,High School,2,0,2,0,0.0,16,10,5.82,93.1,53.88,62.5,17,66.53,91,32,13,76.47,Medium
STU00023,Scott Wright,44,Master,2,0,2,0,0.0,8,6,4.18,33.42,46.0,75.0,13,60.85,98,34,10,76.92,Medium
STU00027,Lauren Daniels,22,Master,1,0,0,1,0.0,3,1,7.09,21.27,37.67,33.33,3,63.67,83,33,2,66.67,Medium
STU00028,Tyler Miller,36,Master,2,0,2,0,0.0,7,5,4.7,32.9,38.14,71.43,7,60.29,80,45,6,85.71,Medium
STU00029,Danielle Wheeler,22,PhD,2,0,2,0,0.0,12,8,4.55,54.56,56.92,66.67,13,76.69,100,45,9,69.23,Medium
STU00031,Angel Ellis,38,PhD,1,0,1,0,0.0,4,1,4.93,19.73,56.5,25.0,2,75.5,94,57,2,100.0,Medium
STU00033,Kendra Contreras,35,High School,1,0,1,0,0.0,7,4,3.69,25.83,55.57,57.14,10,60.9,89,32,8,80.0,Medium
STU00034,Brittney Campbell,42,Master,5,0,2,3,0.0,15,8,5.77,86.57,62.47,53.33,15,77.47,100,60,11,73.33,Medium
STU00035,Taylor Mathis Jr.,27,Bachelor,2,0,2,0,0.0,6,2,5.48,32.88,51.5,33.33,5,64.2,87,43,5,100.0,Medium
STU00039,Nicole Frost,37,PhD,2,0,2,0,0.0,8,6,5.34,42.73,54.13,75.0,14,65.36,90,41,13,92.86,Medium
STU00045,Michael Smith,35,Bachelor,1,0,0,1,0.0,0,0,0.0,0.0,0.0,0.0,0,0.0,0,0,0,0.0,High
STU00049,Nancy Hopkins,36,Bachelor,2,0,2,0,0.0,15,10,3.41,51.12,45.87,66.67,25,67.88,97,39,19,76.0,Medium
STU00052,Stephanie Dalton,34,Master,1,0,1,0,0.0,6,5,4.36,26.14,52.67,83.33,9,76.44,99,59,9,100.0,Medium
STU00056,Dustin Nelson,31,PhD,1,0,1,0,0.0,4,2,5.39,21.56,42.25,50.0,5,55.2,94,31,4,80.0,Medium
STU00065,Carol Lawson,33,Bachelor,1,0,1,0,0.0,2,1,4.34,8.67,31.0,50.0,2,68.0,70,66,1,50.0,Medium
STU00067,Dana Terry,30,PhD,2,0,2,0,0.0,8,4,4.7,37.63,64.38,50.0,9,67.11,90,31,9,100.0,Medium
STU00072,Douglas Carlson,19,High School,1,0,1,0,0.0,4,3,3.82,15.29,57.25,75.0,7,66.0,88,51,4,57.14,Medium
STU00075,Jesse Parker,37,PhD,2,0,1,1,0.0,6,4,5.79,34.74,41.5,66.67,10,61.6,86,39,9,90.0,Medium
STU00076,Cathy Robinson,26,Master,2,0,1,1,0.0,9,5,3.06,27.52,47.11,55.56,11,69.73,99,45,8,72.73,Medium
STU00084,Douglas Heath,39,Bachelor,1,0,1,0,0.0,4,3,4.56,18.26,46.0,75.0,6,63.83,94,30,4,66.67,Medium
STU00097,Samantha Campbell,42,PhD,1,0,1,0,0.0,7,4,6.42,44.92,59.86,57.14,6,68.83,94,45,4,66.67,Medium
STU00099,Reginald Williams,18,Master,3,0,3,0,0.0,18,12,5.37,96.58,45.44,66.67,24,69.67,98,36,18,75.0,Medium
STU00100,Marissa Hernandez,43,Bachelor,5,0,3,2,0.0,17,10,6.04,102.69,54.29,58.82,25,64.48,99,31,22,88.0,Medium
STU00104,Donna Perez,44,Bachelor,1,0,1,0,0.0,6,5,6.59,39.56,45.0,83.33,7,71.29,85,52,5,71.43,Medium
STU00107,Mr. David Little MD,38,PhD,2,0,1,1,0.0,11,5,5.4,59.42,66.27,45.45,10,74.7,91,50,8,80.0,Medium
STU00109,Dr. Ashley James MD,36,High School,1,0,1,0,0.0,2,1,2.53,5.06,38.5,50.0,2,59.0,82,36,1,50.0,Medium
STU00111,Heather Fields,31,High School,2,0,2,0,0.0,10,7,2.96,29.64,39.7,70.0,15,61.27,91,31,13,86.67,Medium
STU00113,Joshua Mata,40,High School,2,0,2,0,0.0,13,5,5.34,69.43,45.92,38.46,15,65.67,94,36,13,86.67,Medium
STU00115,Richard Smith,37,High School,1,0,1,0,0.0,5,4,5.0,24.99,58.8,80.0,7,66.14,90,40,5,71.43,Medium
STU00122,Tricia Williams,32,Bachelor,2,0,1,1,0.0,10,5,6.55,65.51,48.5,50.0,12,72.25,94,53,8,66.67,Medium
STU00123,Laurie Li,43,Bachelor,1,0,0,1,0.0,3,1,7.87,23.6,70.0,33.33,3,54.33,81,40,3,100.0,Medium
STU00133,Bryan Gomez,35,High School,1,0,0,1,0.0,5,4,5.85,29.23,43.2,80.0,8,71.88,95,52,4,50.0,Medium
STU00135,Donald Perez,37,PhD,4,0,2,2,0.0,14,10,6.51,91.2,28.79,71.43,26,68.42,100,35,20,76.92,Medium
STU00136,Lisa Barrett,23,PhD,1,0,1,0,0.0,8,5,7.48,59.85,53.38,62.5,11,67.91,96,33,9,81.82,Medium
STU00137,Kylie Morales,26,Master,2,0,0,2,0.0,7,5,7.32,51.27,66.71,71.43,9,60.0,99,36,5,55.56,Medium
STU00138,Jesse Moore,38,Master,3,0,2,1,0.0,15,8,4.05,60.71,55.73,53.33,15,65.8,90,35,9,60.0,Medium
STU00140,Jose Reed,26,Master,3,0,1,2,0.0,13,7,6.75,87.7,50.15,53.85,12,75.33,98,56,11,91.67,Medium
STU00143,Heather Sanders,31,Master,2,0,2,0,0.0,8,4,7.27,58.13,39.38,50.0,8,74.25,95,36,8,100.0,Medium
STU00144,Jared Bowman,31,Bachelor,1,0,1,0,0.0,7,4,6.91,48.37,60.71,57.14,6,67.83,87,37,4,66.67,Medium
STU00146,Seth Reese,33,Master,5,0,4,1,0.0,23,10,5.92,136.17,49.65,43.48,19,62.0,94,35,14,73.68,Medium
STU00153,Sara Haas,38,Bachelor,3,0,3,0,0.0,12,7,6.35,76.19,51.33,58.33,16,64.44,94,30,13,81.25,Medium
STU00156,Lindsey Hernandez,28,Master,2,0,1,1,0.0,12,8,3.84,46.1,45.25,66.67,17,65.53,98,34,15,88.24,Medium
STU00158,Theresa Osborn,41,High School,5,0,4,1,0.0,19,10,4.91,93.2,56.32,52.63,17,64.94,92,34,13,76.47,Medium
STU00159,Daniel Meza,25,High School,1,0,1,0,0.0,7,6,4.64,32.45,55.71,85.71,12,62.0,90,32,10,83.33,Medium
STU00161,Christopher Schwartz,44,Bachelor,1,0,1,0,0.0,7,4,5.63,39.39,62.57,57.14,10,76.0,90,41,10,100.0,Medium
STU00164,Ruth Solis,23,High School,1,0,0,1,0.0,6,3,3.82,22.92,48.33,50.0,5,72.8,96,54,5,100.0,Medium
STU00170,Eric Williams,35,Master,3,0,2,1,0.0,12,7,5.55,66.57,55.92,58.33,14,71.57,96,39,8,57.14,Medium
STU00181,Nicholas Buck,37,Master,3,0,1,2,0.0,14,6,6.96,97.46,50.71,42.86,15,68.67,100,32,13,86.67,Medium
STU00187,Yolanda Cochran,39,Master,1,0,1,0,0.0,2,0,4.53,9.05,50.5,0.0,0,0.0,0,0,0,0.0,High
STU00189,Johnny Ward,41,Master,3,0,2,1,0.0,16,9,5.42,86.7,49.81,56.25,17,63.41,100,32,13,76.47,Medium
STU00194,Eric Ferguson,41,Master,5,0,5,0,0.0,28,20,4.99,139.68,44.39,71.43,38,68.74,100,31,29,76.32,Medium
STU00197,Tyler Webb,40,Bachelor,1,0,0,1,0.0,2,1,6.08,12.16,49.5,50.0,1,84.0,84,84,0,0.0,Medium
STU00198,John Peterson,19,Master,4,0,1,3,0.0,5,4,5.42,27.09,51.2,80.0,9,71.33,96,42,7,77.78,Medium
STU00199,Philip Robertson,38,High School,3,0,2,1,0.0,15,9,5.63,84.45,28.93,60.0,20,71.25,89,38,19,95.0,Medium
STU00201,Phillip Jimenez,32,Bachelor,1,0,0,1,0.0,2,1,5.64,11.28,84.5,50.0,2,62.0,93,31,1,50.0,Medium
STU00204,James Hudson,22,Master,1,0,1,0,0.0,6,3,6.51,39.04,36.0,50.0,3,75.33,80,70,3,100.0,Medium
STU00211,Brittany Becker,23,High School,3,0,2,1,0.0,14,8,4.44,62.18,34.93,57.14,13,74.0,94,51,9,69.23,Medium
STU00212,Jason Harris,18,PhD,1,0,1,0,0.0,7,5,5.13,35.92,63.0,71.43,9,67.78,88,41,7,77.78,Medium
STU00213,Kristina Bolton,27,Bachelor,3,0,1,2,0.0,13,8,4.71,61.17,59.15,61.54,16,62.56,91,31,14,87.5,Medium
STU00219,Courtney Hall,21,Master,1,0,1,0,0.0,4,2,4.26,17.02,34.5,50.0,3,53.67,57,48,2,66.67,Medium
STU00230,Christian Adkins,39,High School,4,0,2,2,0.0,6,4,4.5,27.01,43.33,66.67,11,61.45,96,30,7,63.64,Medium
STU00244,Kristi Williams,24,Bachelor,1,0,0,1,0.0,0,0,0.0,0.0,0.0,0.0,0,0.0,0,0,0,0.0,High
STU00250,Thomas Arnold,28,Bachelor,1,0,1,0,0.0,5,1,8.35,41.75,53.4,20.0,3,73.0,95,62,3,100.0,Medium
STU00251,Julie Lang,25,High School,1,0,1,0,0.0,8,4,4.98,39.86,53.63,50.0,11,65.82,98,38,8,72.73,Medium
STU00253,Gary James,39,Bachelor,3,0,2,1,0.0,11,6,5.98,65.81,41.18,54.55,12,63.0,93,34,10,83.33,Medium
STU00261,John Walsh,37,Bachelor,5,0,3,2,0.0,21,13,4.81,101.09,48.76,61.9,27,67.48,99,30,24,88.89,Medium
STU00264,Daniel Thomas,23,Master,3,0,3,0,0.0,18,8,5.9,106.27,54.61,44.44,14,66.71,95,49,11,78.57,Medium
STU00266,Jeffrey Roberson,29,PhD,1,0,1,0,0.0,0,0,0.0,0.0,0.0,0.0,0,0.0,0,0,0,0.0,High
STU00267,Rachel Hayes,25,PhD,2,0,1,1,0.0,6,4,3.83,22.99,58.33,66.67,8,61.0,99,37,7,87.5,Medium
STU00269,Nancy Stewart,37,Bachelor,2,0,0,2,0.0,5,1,7.26,36.28,61.0,20.0,2,67.5,89,46,1,50.0,Medium
STU00270,Brandon Jordan,36,Bachelor,2,0,1,1,0.0,8,6,5.65,45.2,48.75,75.0,9,68.22,78,53,7,77.78,Medium
STU00271,Erika Cruz,38,PhD,1,0,0,1,0.0,2,1,5.48,10.96,43.0,50.0,2,62.0,87,37,2,100.0,Medium
STU00282,Miss Jennifer Goodwin,39,Bachelor,1,0,1,0,0.0,4,2,5.67,22.69,39.0,50.0,4,67.5,73,62,3,75.0,Medium
STU00287,Erin Simmons,24,Master,2,0,1,1,0.0,8,2,5.78,46.25,33.63,25.0,2,79.0,91,67,1,50.0,Medium
STU00296,Donald Medina,39,PhD,3,0,3,0,0.0,19,9,3.52,66.84,52.84,47.37,15,66.8,98,30,14,93.33,Medium
STU00299,Sean Wilson,38,High School,2,0,2,0,0.0,16,5,5.37,85.89,44.56,31.25,8,63.75,99,35,6,75.0,Medium
STU00305,John Perkins,26,Master,1,0,1,0,0.0,5,3,5.38,26.88,53.0,60.0,4,74.5,86,62,3,75.0,Medium
STU00310,Amber Garrett,38,High School,1,0,1,0,0.0,5,4,3.43,17.17,55.8,80.0,9,70.78,93,50,5,55.56,Medium
STU00315,Angelica Garcia,43,High School,2,0,2,0,0.0,15,9,5.13,76.96,52.27,60.0,22,70.27,94,41,18,81.82,Medium
STU00316,Matthew Wright,45,Bachelor,3,0,1,2,0.0,9,5,4.73,42.57,58.89,55.56,10,59.4,83,31,6,60.0,Medium
STU00317,James Lucas,43,High School,1,0,0,1,0.0,5,2,6.56,32.82,43.2,40.0,5,68.6,90,40,4,80.0,Medium
STU00318,Vanessa Hatfield,22,Master,4,0,2,2,0.0,18,9,7.43,133.79,41.78,50.0,17,70.53,99,35,15,88.24,Medium
STU00321,Diamond Collins,34,High School,2,0,2,0,0.0,12,6,5.29,63.51,43.25,50.0,15,63.07,89,34,13,86.67,Medium
STU00325,Frances Patterson,33,PhD,2,0,1,1,0.0,8,4,4.94,39.55,55.63,50.0,7,57.0,80,31,5,71.43,Medium
STU00332,Kevin Snyder,31,Bachelor,4,0,4,0,0.0,19,11,5.7,108.29,62.16,57.89,22,68.73,98,30,19,86.36,Medium
STU00334,Ashley Moreno,41,Master,2,0,2,0,0.0,9,8,4.76,42.82,64.78,88.89,17,63.71,87,44,12,70.59,Medium
STU00335,David Bruce,28,Master,1,0,0,1,0.0,3,1,5.92,17.76,41.0,33.33,2,69.5,87,52,1,50.0,Medium
STU00337,Ethan Owen,20,High School,1,0,1,0,0.0,2,1,3.96,7.91,31.5,50.0,2,58.5,80,37,1,50.0,Medium
STU00342,Brian Leon,21,Bachelor,4,0,2,2,0.0,9,5,3.53,31.73,27.44,55.56,12,70.83,83,35,11,91.67,Medium
STU00344,Matthew Lamb,29,Master,1,0,1,0,0.0,3,2,7.12,21.37,41.33,66.67,4,65.0,94,49,3,75.0,Medium
STU00349,Dr. Jonathan Price,45,PhD,1,0,1,0,0.0,4,3,7.31,29.25,44.5,75.0,8,67.13,92,45,5,62.5,Medium
STU00355,Tamara Richard,39,Master,4,0,2,2,0.0,20,14,4.42,88.46,49.95,70.0,28,67.46,100,32,21,75.0,Medium
STU00362,Brian Smith,42,Master,1,0,1,0,0.0,6,1,6.28,37.71,58.33,16.67,2,63.0,68,58,1,50.0,Medium
STU00363,Heather Bennett,28,High School,2,0,2,0,0.0,9,4,7.2,64.83,31.56,44.44,7,66.14,89,38,3,42.86,Medium
STU00371,Antonio Goodwin,20,High School,1,0,0,1,0.0,5,4,5.07,25.34,63.0,80.0,6,68.83,100,50,5,83.33,Medium
STU00386,Karen Arnold,29,High School,1,0,1,0,0.0,3,0,3.94,11.81,37.33,0.0,0,0.0,0,0,0,0.0,High
STU00391,Elizabeth Rodriguez,32,Master,4,0,4,0,0.0,15,9,5.13,76.92,44.67,60.0,17,64.88,92,34,16,94.12,Medium
STU00393,Jennifer Flores,25,PhD,1,0,1,0,0.0,3,3,3.65,10.94,63.67,100.0,6,63.17,82,52,6,100.0,Medium
STU00400,Mrs. Shannon White,27,PhD,2,0,1,1,0.0,8,5,4.16,33.24,58.13,62.5,11,72.73,99,42,8,72.73,Medium
STU00407,Barbara Dawson,22,High School,1,0,0,1,0.0,2,1,7.04,14.08,64.0,50.0,3,56.33,72,40,3,100.0,Medium
STU00409,Michael Mccoy,42,Bachelor,3,0,3,0,0.0,14,12,5.48,76.76,60.86,85.71,22,72.09,93,31,20,90.91,Medium
STU00422,Stephanie Salazar,25,Master,1,0,1,0,0.0,7,2,4.18,29.26,37.86,28.57,5,66.4,98,34,3,60.0,Medium
STU00435,Shannon Joseph,40,Master,3,0,2,1,0.0,14,8,7.67,107.37,53.0,57.14,14,63.14,89,38,10,71.43,Medium
STU00442,Patrick Harris,41,High School,4,0,3,1,0.0,20,15,4.49,89.73,35.45,75.0,29,67.41,100,33,23,79.31,Medium
STU00447,Jonathan Perry,27,High School,1,0,1,0,0.0,4,3,5.51,22.04,52.25,75.0,8,71.5,98,37,7,87.5,Medium
STU00451,Mr. Matthew Flores,29,Master,3,0,2,1,0.0,13,7,4.24,55.11,52.85,53.85,13,65.15,92,36,9,69.23,Medium
STU00460,Daniel Figueroa,40,Master,2,0,2,0,0.0,4,3,3.13,12.5,41.0,75.0,9,63.22,94,38,8,88.89,Medium
STU00461,Cheyenne White,19,Master,3,0,3,0,0.0,15,9,6.13,91.97,48.8,60.0,16,73.94,99,32,15,93.75,Medium
STU00464,Krystal Diaz,34,Bachelor,4,0,3,1,0.0,20,9,4.62,92.43,52.1,45.0,16,68.69,98,36,14,87.5,Medium
STU00467,Stephen Jones,29,High School,2,0,1,1,0.0,7,2,5.14,36.0,51.86,28.57,6,58.33,73,31,6,100.0,Medium
STU00471,Shelby Thomas,21,Bachelor,1,0,1,0,0.0,7,5,4.91,34.4,48.0,71.43,10,65.8,92,48,7,70.0,Medium
STU00473,Amanda Wong,42,PhD,5,0,3,2,0.0,22,11,4.59,101.0,50.59,50.0,20,74.0,99,35,17,85.0,Medium
STU00482,James Rodriguez,18,Master,2,0,1,1,0.0,4,2,4.07,16.29,57.25,50.0,3,81.0,83,78,3,100.0,Medium
STU00493,Dennis Wood,24,Master,2,0,1,1,0.0,9,4,4.94,44.5,68.89,44.44,10,70.2,88,42,8,80.0,Medium
STU00494,Victor Brown,38,High School,2,0,2,0,0.0,8,3,4.82,38.57,27.5,37.5,7,69.43,92,31,6,85.71,Medium
STU00495,Donna Johnson,36,Bachelor,1,0,1,0,0.0,7,7,8.83,61.81,60.14,100.0,11,76.64,98,38,10,90.91,Medium
STU00009,Jennifer Jones,26,Bachelor,5,1,3,1,20.0,26,14,5.99,155.82,55.65,53.85,32,66.88,100,31,20,62.5,Medium
STU00016,Dr. Cynthia Allen,45,High School,5,1,2,2,20.0,25,16,6.2,155.05,55.44,64.0,36,67.08,97,31,27,75.0,Medium
STU00068,Mary Jones,31,PhD,5,1,2,2,20.0,26,16,5.01,130.14,49.04,61.54,30,63.97,91,30,22,73.33,Medium
STU00118,Audrey Young DDS,24,PhD,5,1,3,1,20.0,25,15,5.24,130.95,55.72,60.0,30,68.97,98,37,20,66.67,Medium
STU00120,Michael Robinson,35,Master,5,1,4,0,20.0,24,12,5.83,139.93,58.33,50.0,26,66.27,96,31,22,84.62,Medium
STU00134,Kenneth Lewis,22,Master,5,1,4,0,20.0,26,12,4.85,126.15,55.04,46.15,22,68.14,92,36,17,77.27,Medium
STU00141,James Greene,22,Bachelor,5,1,2,2,20.0,21,16,5.33,111.91,51.67,76.19,35,65.57,100,30,27,77.14,Medium
STU00149,Maria Downs,33,PhD,5,1,3,1,20.0,22,15,4.94,108.66,46.86,68.18,32,63.66,95,32,27,84.38,Medium
STU00185,Noah Porter,43,High School,5,1,3,1,20.0,26,18,5.95,154.8,52.12,69.23,34,67.59,96,34,27,79.41,Medium
STU00186,Zachary Mitchell,25,Bachelor,5,1,1,3,20.0,19,13,5.9,112.06,44.05,68.42,29,70.14,100,34,23,79.31,Medium
STU00207,Kelly Hernandez,32,PhD,5,1,3,1,20.0,27,17,5.76,155.39,48.63,62.96,29,68.41,100,30,20,68.97,Medium
STU00222,Thomas Butler,41,Master,5,1,2,2,20.0,27,16,4.8,129.6,56.85,59.26,35,70.49,96,31,30,85.71,Medium
STU00247,Bob Cole,44,PhD,5,1,4,0,20.0,32,23,4.97,159.17,52.41,71.88,42,68.45,98,32,32,76.19,Medium
STU00248,Shelly Lopez,32,PhD,5,1,3,1,20.0,23,12,5.14,118.17,57.22,52.17,22,67.45,99,30,17,77.27,Medium
STU00280,Lauren Ferguson,44,Bachelor,5,1,4,0,20.0,32,23,5.11,163.61,51.94,71.88,51,65.47,100,30,38,74.51,Medium
STU00283,Lauren Johnston,38,High School,5,1,2,2,20.0,25,15,5.64,140.96,62.84,60.0,29,67.1,100,30,22,75.86,Medium
STU00290,Michael Burns,32,Bachelor,5,1,3,1,20.0,19,10,6.25,118.72,51.95,52.63,19,70.26,93,35,16,84.21,Medium
STU00294,Anthony Howard,39,Master,5,1,3,1,20.0,25,20,4.28,107.03,54.6,80.0,42,66.38,100,34,33,78.57,Medium
STU00341,Debbie Ewing,27,Master,5,1,3,1,20.0,30,20,4.55,136.41,48.63,66.67,39,68.9,99,31,30,76.92,Medium
STU00350,Robert Ruiz,22,High School,5,1,4,0,20.0,26,9,5.6,145.66,55.62,34.62,16,69.75,98,40,12,75.0,Medium
STU00380,Derrick Watson,42,PhD,5,1,0,4,20.0,21,13,4.68,98.31,45.14,61.9,30,69.13,99,36,21,70.0,Medium
STU00396,Molly Hansen,42,High School,5,1,3,1,20.0,19,10,5.28,100.38,36.84,52.63,16,64.25,98,34,9,56.25,Medium
STU00456,Mercedes Jones,41,High School,5,1,1,3,20.0,19,9,5.17,98.27,51.32,47.37,15,65.13,98,40,13,86.67,Medium
STU00010,Patrick Ryan,21,PhD,4,1,2,1,25.0,19,12,4.2,79.85,51.68,63.16,22,68.64,94,30,19,86.36,Medium
STU00019,David Brown,40,High School,4,1,2,1,25.0,20,13,6.53,130.63,62.25,65.0,26,77.85,93,42,17,65.38,Medium
STU00041,Janet Williams,19,High School,4,1,3,0,25.0,22,13,6.17,135.81,43.41,59.09,27,71.48,95,42,20,74.07,Medium
STU00074,Elizabeth Perkins,30,Bachelor,4,1,1,2,25.0,21,12,5.1,107.16,59.48,57.14,24,64.92,91,35,21,87.5,Medium
STU00081,Lisa Rowe,29,Bachelor,4,1,3,0,25.0,16,8,4.6,73.54,55.06,50.0,17,66.88,95,43,15,88.24,Medium
STU00090,Gregory Cook,28,Master,4,1,3,0,25.0,21,14,4.26,89.4,47.81,66.67,24,71.58,100,36,18,75.0,Medium
STU00093,Mr. Anthony Adams Jr.,44,Bachelor,4,1,2,1,25.0,17,7,6.32,107.52,60.29,41.18,12,72.92,98,32,10,83.33,Medium
STU00102,Deborah Hanson,45,PhD,4,1,1,2,25.0,20,13,6.46,129.12,37.05,65.0,25,67.96,96,33,20,80.0,Medium
STU00110,Melissa Garner,37,Master,4,1,0,3,25.0,17,11,4.93,83.78,50.35,64.71,23,65.96,100,32,18,78.26,Medium
STU00114,Julie Jones,29,High School,4,1,2,1,25.0,16,8,6.17,98.65,54.13,50.0,19,69.47,98,34,14,73.68,Medium
STU00116,Teresa Rodriguez,34,PhD,4,1,2,1,25.0,22,12,4.97,109.37,40.45,54.55,22,68.86,94,37,17,77.27,Medium
STU00121,Maria Brown,24,Master,4,1,2,1,25.0,18,11,5.68,102.29,44.61,61.11,18,68.44,96,35,13,72.22,Medium
STU00124,Dr. Kimberly Lindsey,27,Master,4,1,3,0,25.0,25,13,5.88,146.93,52.88,52.0,29,64.34,97,34,24,82.76,Medium
STU00139,Luke Craig,20,Master,4,1,3,0,25.0,24,17,5.22,125.24,56.75,70.83,34,67.32,96,31,28,82.35,Medium
STU00145,Michael Cox,30,High School,4,1,2,1,25.0,21,14,5.67,118.99,57.9,66.67,25,68.88,97,31,21,84.0,Medium
STU00147,Susan Bailey,42,PhD,4,1,1,2,25.0,21,17,4.95,103.92,56.24,80.95,38,65.87,99,32,34,89.47,Medium
STU00148,Mary Thompson,33,Master,4,1,3,0,25.0,21,14,6.91,145.21,64.14,66.67,32,66.97,100,31,25,78.13,Medium
STU00150,Rebecca Vargas,39,PhD,4,1,2,1,25.0,20,12,4.87,97.3,52.7,60.0,22,71.68,95,37,16,72.73,Medium
STU00167,Cynthia Vang,40,High School,4,1,3,0,25.0,22,16,5.5,120.99,37.55,72.73,30,67.77,96,32,24,80.0,Medium
STU00190,Zachary Higgins,40,Master,4,1,1,2,25.0,20,13,4.25,85.03,59.3,65.0,29,67.97,88,33,24,82.76,Medium
STU00216,Mikayla Roberts,31,Bachelor,4,1,2,1,25.0,26,15,5.43,141.26,42.12,57.69,30,65.03,99,31,25,83.33,Medium
STU00234,Justin Hansen,37,PhD,4,1,1,2,25.0,16,7,4.9,78.44,35.94,43.75,16,71.56,96,39,15,93.75,Medium
STU00243,Connie Turner,32,Bachelor,4,1,2,1,25.0,27,14,6.24,168.57,62.26,51.85,29,69.62,100,33,26,89.66,Medium
STU00255,Catherine Preston,45,High School,4,1,3,0,25.0,24,14,3.83,91.92,49.5,58.33,23,70.0,100,31,18,78.26,Medium
STU00291,Lisa Cervantes,45,PhD,4,1,2,1,25.0,20,11,4.08,81.53,56.6,55.0,19,68.58,95,36,15,78.95,Medium
STU00333,David Reed,28,PhD,4,1,2,1,25.0,21,14,4.16,87.31,54.67,66.67,24,74.17,99,33,20,83.33,Medium
STU00345,Christopher Berry,42,Bachelor,4,1,3,0,25.0,23,17,4.98,114.43,60.09,73.91,34,67.68,99,37,25,73.53,Medium
STU00374,Travis Cole,28,High School,4,1,2,1,25.0,19,9,3.95,75.1,44.84,47.37,14,64.21,96,30,12,85.71,Medium
STU00385,Kathy Reid,32,High School,4,1,2,1,25.0,23,10,5.64,129.67,44.96,43.48,19,70.58,98,38,16,84.21,Medium
STU00397,Seth Fisher,20,High School,4,1,3,0,25.0,20,13,5.17,103.39,45.5,65.0,28,61.57,96,32,21,75.0,Medium
STU00404,Emily Garcia,34,High School,4,1,2,1,25.0,16,13,5.15,82.41,56.63,81.25,28,68.86,100,35,19,67.86,Medium
STU00410,Ronald Garcia,22,Bachelor,4,1,2,1,25.0,20,10,5.37,107.46,42.7,50.0,28,68.29,100,30,24,85.71,Medium
STU00421,Anna Stanley,34,PhD,4,1,2,1,25.0,21,11,5.76,120.98,53.52,52.38,27,63.78,95,33,21,77.78,Medium
STU00426,Christine Powers,44,Master,4,1,2,1,25.0,18,11,3.82,68.71,44.56,61.11,25,68.6,98,31,23,92.0,Medium
STU00431,Judith Lawrence,21,Bachelor,4,1,3,0,25.0,26,20,4.64,120.68,62.27,76.92,34,66.65,94,32,29,85.29,Medium
STU00433,Sonya Gordon,38,PhD,4,1,2,1,25.0,21,13,5.0,104.91,46.38,61.9,30,69.27,95,40,23,76.67,Medium
STU00453,Patricia Lucas,41,PhD,4,1,2,1,25.0,20,13,4.93,98.62,44.4,65.0,22,71.14,98,36,15,68.18,Medium
STU00483,Cassandra Valenzuela,43,Bachelor,4,1,2,1,25.0,19,12,4.84,92.02,58.21,63.16,24,70.46,100,37,20,83.33,Medium
STU00484,Larry Carey,20,PhD,4,1,0,3,25.0,19,14,5.02,95.31,42.95,73.68,28,67.5,99,31,25,89.29,Medium
STU00011,Johnny Campos,29,Master,3,1,1,1,33.33,14,10,4.85,67.84,39.64,71.43,21,68.86,98,38,15,71.43,Medium
STU00024,Angela Morton,26,Bachelor,3,1,2,0,33.33,13,7,6.23,80.98,52.15,53.85,13,67.23,99,42,10,76.92,Medium
STU00036,Deborah Figueroa,18,Master,3,1,2,0,33.33,15,9,5.06,75.9,31.4,60.0,19,72.79,97,36,16,84.21,Medium
STU00055,Joanna Walton,21,PhD,3,1,2,0,33.33,15,8,6.56,98.45,51.73,53.33,15,69.2,99,31,14,93.33,Medium
STU00086,Paul Carroll,27,Bachelor,3,1,2,0,33.33,17,7,5.83,99.14,43.59,41.18,11,74.27,100,44,7,63.64,Medium
STU00117,Arthur Colon,30,Master,3,1,1,1,33.33,17,8,6.03,102.54,54.53,47.06,15,64.87,94,51,15,100.0,Medium
STU00128,Theodore Jones Jr.,32,Bachelor,3,1,1,1,33.33,14,10,5.69,79.64,55.57,71.43,22,70.82,94,33,16,72.73,Medium
STU00129,Zachary Schmidt,33,Bachelor,3,1,2,0,33.33,18,11,5.4,97.16,50.89,61.11,17,73.82,100,53,12,70.59,Medium
STU00168,Andrew Lowery,21,Master,3,1,0,2,33.33,12,7,5.53,66.36,49.58,58.33,15,70.67,99,41,13,86.67,Medium
STU00173,Jeanette Harrison,31,PhD,3,1,1,1,33.33,14,8,4.75,66.5,48.29,57.14,14,65.71,98,30,12,85.71,Medium
STU00176,Ricardo Ellis,45,High School,3,1,1,1,33.33,17,11,6.17,104.94,53.59,64.71,20,67.6,92,44,13,65.0,Medium
STU00180,Brian Murphy,43,Master,3,1,1,1,33.33,16,9,4.73,75.65,34.25,56.25,23,63.04,89,32,20,86.96,Medium
STU00188,Michelle Ho,35,Master,3,1,2,0,33.33,20,12,5.0,99.91,41.4,60.0,26,74.85,93,52,19,73.08,Medium
STU00191,Joanna Frazier,26,High School,3,1,2,0,33.33,22,14,6.29,138.35,44.32,63.64,23,69.96,97,30,19,82.61,Medium
STU00196,Marilyn Wang,29,Master,3,1,2,0,33.33,21,16,5.22,109.53,47.05,76.19,31,67.06,100,30,28,90.32,Medium
STU00220,Joshua Hickman,26,PhD,3,1,1,1,33.33,15,6,4.45,66.77,42.47,40.0,12,67.25,88,45,8,66.67,Medium
STU00223,Tonya Howe,20,High School,3,1,1,1,33.33,16,6,4.87,77.97,48.69,37.5,12,63.42,89,43,9,75.0,Medium
STU00263,Thomas Cohen,21,High School,3,1,1,1,33.33,12,4,4.53,54.38,54.25,33.33,8,64.88,91,37,5,62.5,Medium
STU00268,Angelica Montgomery,23,High School,3,1,2,0,33.33,19,12,4.93,93.63,46.21,63.16,23,67.0,99,30,16,69.57,Medium
STU00273,Mr. David Wright,39,Bachelor,3,1,2,0,33.33,17,7,4.71,80.1,52.29,41.18,12,69.83,92,44,9,75.0,Medium
STU00274,James Skinner,32,Master,3,1,0,2,33.33,9,6,4.53,40.8,53.22,66.67,12,72.08,99,30,11,91.67,Medium
STU00278,Julia Erickson,40,High School,3,1,2,0,33.33,17,9,4.86,82.57,39.47,52.94,19,65.63,98,35,15,78.95,Medium
STU00286,Ashley Sweeney,28,PhD,3,1,2,0,33.33,22,12,4.68,102.98,55.68,54.55,22,70.18,98,30,17,77.27,Medium
STU00292,Bruce Brooks,20,High School,3,1,2,0,33.33,19,10,4.43,84.09,45.74,52.63,19,65.95,99,35,16,84.21,Medium
STU00298,Ronald Potter,38,PhD,3,1,1,1,33.33,13,10,6.39,83.12,54.77,76.92,18,64.28,100,30,14,77.78,Medium
STU00314,Carly Bell,44,Master,3,1,1,1,33.33,14,11,4.82,67.47,46.93,78.57,20,70.5,98,31,17,85.0,Medium
STU00323,Logan Brown,34,High School,3,1,2,0,33.33,19,14,5.21,99.04,34.32,73.68,24,69.83,99,32,21,87.5,Medium
STU00328,Cassidy Horne,22,Master,3,1,2,0,33.33,19,13,5.22,99.17,61.89,68.42,30,72.23,99,35,26,86.67,Medium
STU00340,Cindy Gates,31,PhD,3,1,1,1,33.33,16,10,3.9,62.37,43.5,62.5,22,66.09,88,32,17,77.27,Medium
STU00347,Juan Brown,18,Master,3,1,1,1,33.33,19,11,5.3,100.72,45.0,57.89,26,66.23,98,31,20,76.92,Medium
STU00348,Zachary Stephens,28,High School,3,1,2,0,33.33,20,10,3.75,75.05,35.45,50.0,21,70.62,99,31,18,85.71,Medium
STU00352,Timothy Frey,31,Master,3,1,2,0,33.33,19,10,6.03,114.5,53.68,52.63,22,64.86,88,33,18,81.82,Medium
STU00353,Michele Bell,29,Master,3,1,1,1,33.33,13,10,4.73,61.54,50.54,76.92,21,58.86,100,31,14,66.67,Medium
STU00357,Chad Moore,31,Bachelor,3,1,2,0,33.33,20,12,3.41,68.17,46.8,60.0,23,64.91,98,41,20,86.96,Medium
STU00359,Christopher Smith,39,PhD,3,1,2,0,33.33,19,11,4.81,91.38,51.63,57.89,22,63.68,99,33,19,86.36,Medium
STU00383,Rick Jones,38,Master,3,1,2,0,33.33,12,10,5.19,62.32,47.5,83.33,16,69.5,95,32,11,68.75,Medium
STU00398,Mark Carpenter,27,Bachelor,3,1,1,1,33.33,14,5,5.3,74.13,41.64,35.71,9,81.0,93,54,7,77.78,Medium
STU00401,Donald Juarez,37,High School,3,1,2,0,33.33,14,8,4.85,67.91,42.79,57.14,17,71.0,91,39,14,82.35,Medium
STU00403,Frank Whitaker,39,High School,3,1,2,0,33.33,15,6,5.58,83.73,47.27,40.0,10,68.4,96,30,9,90.0,Medium
STU00418,Thomas Webb,19,PhD,3,1,1,1,33.33,14,11,4.4,61.65,47.07,78.57,26,66.35,98,40,22,84.62,Medium
STU00430,Michelle Rodriguez,26,Bachelor,3,1,1,1,33.33,19,13,4.96,94.22,52.89,68.42,23,71.0,100,35,19,82.61,Medium
STU00438,Kelly Johnson,34,High School,3,1,1,1,33.33,13,9,6.33,82.24,53.0,69.23,16,62.0,98,37,14,87.5,Medium
STU00468,Patricia Lewis,39,Master,3,1,2,0,33.33,23,10,4.99,114.73,46.91,43.48,23,74.48,100,45,16,69.57,Medium
STU00480,Willie Dillon,34,High School,3,1,2,0,33.33,18,11,5.57,100.2,57.11,61.11,21,64.76,99,31,18,85.71,Medium
STU00481,Lisa Dixon,43,Bachelor,3,1,2,0,33.33,13,7,4.75,61.78,35.85,53.85,19,66.95,96,30,15,78.95,Medium
STU00038,Amanda Howard,22,Bachelor,5,2,1,2,40.0,25,10,4.81,120.29,45.68,40.0,19,70.79,94,34,15,78.95,Medium
STU00042,Courtney Keller,41,High School,5,2,3,0,40.0,34,24,4.64,157.91,52.88,70.59,44,65.07,94,37,36,81.82,Medium
STU00050,Eric Drake,18,High School,5,2,2,1,40.0,27,14,4.85,131.02,49.93,51.85,31,72.48,98,40,24,77.42,Medium
STU00053,Sylvia Martinez,24,Bachelor,5,2,2,1,40.0,28,18,4.49,125.77,50.04,64.29,40,68.5,98,36,32,80.0,Medium
STU00089,Julie Pearson,44,High School,5,2,2,1,40.0,32,19,5.82,186.3,56.69,59.38,37,68.7,98,33,31,83.78,Medium
STU00091,Robin Pierce,41,PhD,5,2,3,0,40.0,24,15,5.06,121.47,53.42,62.5,31,69.29,100,33,25,80.65,Medium
STU00105,Michael Berger,39,PhD,5,2,3,0,40.0,33,19,5.04,166.35,49.06,57.58,42,68.93,100,34,34,80.95,Medium
STU00163,Cheyenne Gregory,32,Master,5,2,2,1,40.0,25,13,5.9,147.54,48.04,52.0,22,70.45,99,43,18,81.82,Medium
STU00172,Chelsea Barnett,45,PhD,5,2,1,2,40.0,24,15,4.78,114.77,50.63,62.5,34,64.32,100,32,28,82.35,Medium
STU00221,Erica Brewer,20,High School,5,2,2,1,40.0,26,15,5.79,150.57,60.27,57.69,28,67.68,99,31,20,71.43,Medium
STU00226,Levi Fowler,23,PhD,5,2,1,2,40.0,31,18,4.47,138.61,49.84,58.06,36,68.25,93,35,28,77.78,Medium
STU00233,Daniel Aguilar,31,Bachelor,5,2,2,1,40.0,28,17,4.58,128.13,48.71,60.71,33,66.42,100,31,30,90.91,Medium
STU00245,James Webster,26,Master,5,2,3,0,40.0,29,16,5.4,156.54,52.86,55.17,30,66.23,99,33,24,80.0,Medium
STU00258,Joseph Hill,33,Master,5,2,2,1,40.0,31,16,5.79,179.63,49.9,51.61,28,69.86,94,34,23,82.14,Medium
STU00262,Valerie Jacobson,25,High School,5,2,0,3,40.0,22,10,6.0,131.95,60.95,45.45,23,64.87,100,30,17,73.91,Medium
STU00276,Doris Neal,24,PhD,5,2,3,0,40.0,28,18,6.52,182.6,50.36,64.29,32,69.25,100,31,26,81.25,Medium
STU00277,Jenna Wilson,25,Master,5,2,2,1,40.0,33,20,4.94,162.9,36.58,60.61,38,63.66,96,33,34,89.47,Medium
STU00281,Margaret Miller,25,Bachelor,5,2,2,1,40.0,27,16,5.51,148.71,53.93,59.26,31,70.74,93,31,24,77.42,Medium
STU00306,Joseph Robinson,32,Bachelor,5,2,2,1,40.0,27,13,5.9,159.23,51.93,48.15,24,71.33,94,48,22,91.67,Medium
STU00313,Breanna Ayala,44,Bachelor,5,2,3,0,40.0,24,15,4.42,106.03,42.38,62.5,25,66.24,96,35,15,60.0,Medium
STU00320,Jennifer Mitchell,26,Bachelor,5,2,3,0,40.0,36,24,5.7,205.08,53.69,66.67,43,69.44,99,31,38,88.37,Medium
STU00364,Benjamin Singleton,41,Bachelor,5,2,2,1,40.0,27,13,5.97,161.26,51.3,48.15,26,69.54,100,35,20,76.92,Medium
STU00377,Charles Matthews,21,Master,5,2,2,1,40.0,26,14,3.48,90.43,51.81,53.85,26,66.73,94,31,19,73.08,Medium
STU00388,Richard Saunders,36,High School,5,2,1,2,40.0,25,13,5.33,133.16,39.84,52.0,25,63.36,100,31,19,76.0,Medium
STU00390,Joseph Hanson,37,Bachelor,5,2,3,0,40.0,29,18,5.49,159.07,54.62,62.07,34,69.09,100,35,24,70.59,Medium
STU00413,Travis Chan Jr.,37,PhD,5,2,2,1,40.0,31,20,6.0,186.07,49.1,64.52,47,66.91,99,35,37,78.72,Medium
STU00417,Rebecca Banks,23,Bachelor,5,2,2,1,40.0,33,17,4.53,149.64,55.55,51.52,28,68.71,97,36,23,82.14,Medium
STU00432,Kevin Glass,21,Bachelor,5,2,2,1,40.0,27,16,4.87,131.61,50.07,59.26,28,66.64,97,30,27,96.43,Medium
STU00434,Grant Phillips,21,High School,5,2,1,2,40.0,25,16,4.61,115.14,41.88,64.0,39,74.18,99,32,32,82.05,Medium
STU00448,Daniel Goodwin,19,Master,5,2,1,2,40.0,25,11,4.97,124.37,54.8,44.0,26,61.96,94,30,19,73.08,Medium
STU00452,Michael Ayala,21,PhD,5,2,2,1,40.0,31,18,6.21,192.52,36.74,58.06,33,72.33,100,34,25,75.76,Medium
STU00458,Kimberly Choi,21,Master,5,2,2,1,40.0,29,20,4.67,135.43,47.86,68.97,36,66.06,94,36,28,77.78,Medium
STU00462,Michael King,26,High School,5,2,1,2,40.0,25,17,4.91,122.87,47.52,68.0,33,73.58,98,52,29,87.88,Medium
STU00470,David Maynard,30,Master,5,2,3,0,40.0,38,26,4.29,163.08,49.61,68.42,52,69.79,99,30,44,84.62,Medium
STU00485,Robert Clarke,34,PhD,5,2,3,0,40.0,35,26,5.54,193.74,52.4,74.29,54,70.09,100,36,46,85.19,Medium
STU00496,Angie Hill,39,Master,5,2,3,0,40.0,31,22,6.24,193.29,43.68,70.97,42,58.43,100,31,35,83.33,Medium
STU00069,Sandra Zimmerman,24,Bachelor,2,1,1,0,50.0,14,6,3.99,55.84,66.07,42.86,9,59.11,78,31,8,88.89,Medium
STU00169,Bobby Scott,43,High School,2,1,0,1,50.0,12,3,4.7,56.38,48.92,25.0,9,62.22,84,34,8,88.89,Low
STU00177,Robert Kennedy,32,PhD,2,1,1,0,50.0,12,7,3.7,44.41,51.92,58.33,18,59.78,98,34,16,88.89,Medium
STU00179,Jonathan Glass MD,23,Bachelor,2,1,1,0,50.0,13,5,4.93,64.08,59.62,38.46,11,59.73,82,32,9,81.82,Medium
STU00238,William Davenport,27,High School,2,1,0,1,50.0,10,3,4.2,42.01,43.9,30.0,8,60.88,87,35,6,75.0,Low
STU00326,Amy Villarreal,33,PhD,2,1,1,0,50.0,12,7,5.36,64.37,43.0,58.33,15,59.6,90,33,9,60.0,Medium
STU00338,Lauren Moore,21,Master,2,1,1,0,50.0,13,7,5.84,75.95,48.92,53.85,16,59.25,89,31,12,75.0,Medium
STU00425,Matthew Garcia MD,25,Master,2,1,1,0,50.0,16,8,4.56,72.97,43.0,50.0,14,58.93,97,32,13,92.86,Medium
STU00476,David Robertson,23,PhD,4,2,2,0,50.0,29,10,4.71,136.58,47.45,34.48,18,72.17,100,30,17,94.44,Low
STU00308,Julia Martinez,19,Master,3,2,0,1,66.67,21,8,4.6,96.62,49.1,38.1,16,67.88,98,35,10,62.5,Low
STU00044,Brian Hamilton,26,PhD,1,1,0,0,100.0,8,4,5.2,41.57,56.13,50.0,8,58.5,86,30,5,62.5,Medium
STU00048,Jeffrey Carpenter,25,Master,1,1,0,0,100.0,8,3,5.39,43.09,47.0,37.5,6,76.0,90,52,5,83.33,Low
STU00131,Nicholas Edwards,42,Bachelor,1,1,0,0,100.0,8,3,5.48,43.88,31.88,37.5,7,67.71,98,35,6,85.71,Low
STU00157,Jenna Larson,26,PhD,1,1,0,0,100.0,8,3,5.54,44.31,41.13,37.5,4,68.25,96,51,2,50.0,Low
STU00178,Evelyn Martinez,28,PhD,1,1,0,0,100.0,8,2,4.66,37.3,52.13,25.0,5,66.0,90,50,2,40.0,Low
STU00437,John Duncan,36,Bachelor,1,1,0,0,100.0,8,3,4.64,37.14,45.38,37.5,6,74.17,86,68,4,66.67,Low
STU00454,Anthony Bauer,23,PhD,1,1,0,0,100.0,8,4,3.34,26.7,45.5,50.0,8,59.75,97,35,7,87.5,Medium
