student_id,course_id,modules_attempted,modules_completed,avg_time_spent,avg_progress_pct,total_modules,status,progress_ratio,completion_ratio,predicted_completion
STU00004,CRS009,8,7,4.05,66.63,8,Completed,1.0,0.875,High
STU00004,CRS016,8,5,4.61,41.25,8,Completed,1.0,0.625,Medium
STU00013,CRS003,8,5,5.86,63.75,8,Completed,1.0,0.625,Medium
STU00018,CRS003,8,5,4.25,46.25,8,Completed,1.0,0.625,Medium
STU00019,CRS003,8,4,5.71,61.63,8,Completed,1.0,0.5,Medium
STU00020,CRS020,8,5,4.43,42.75,8,Completed,1.0,0.625,Medium
STU00021,CRS013,8,4,3.95,52.63,8,Completed,1.0,0.5,Medium
STU00023,CRS013,6,5,4.39,49.83,8,Active,0.75,0.8333333333333334,High
STU00024,CRS009,8,7,5.32,55.25,8,Completed,1.0,0.875,High
STU00030,CRS014,8,4,4.44,59.88,8,Completed,1.0,0.5,Medium
STU00034,CRS014,5,3,7.57,64.6,8,Active,0.625,0.6,Medium
STU00036,CRS010,2,2,5.22,12.5,8,Active,0.25,1.0,High
STU00036,CRS016,5,2,3.6,36.4,8,Active,0.625,0.4,Low
STU00038,CRS019,8,4,2.62,37.25,8,Completed,1.0,0.5,Medium
STU00039,CRS010,3,1,5.01,27.33,8,Active,0.375,0.3333333333333333,Low
STU00040,CRS016,3,2,8.29,83.67,8,Dropped,0.375,0.6666666666666666,Medium
STU00050,CRS006,1,0,4.27,87.0,8,Dropped,0.125,0.0,Low
STU00062,CRS020,8,5,5.56,26.63,8,Completed,1.0,0.625,Medium
STU00063,CRS015,8,4,7.08,34.13,8,Completed,1.0,0.5,Medium
STU00066,CRS005,8,3,5.38,66.88,8,Completed,1.0,0.375,Low
STU00070,CRS003,8,3,4.65,41.5,8,Completed,1.0,0.375,Low
STU00073,CRS009,8,5,5.56,61.0,8,Completed,1.0,0.625,Medium
STU00073,CRS011,8,4,5.25,50.25,8,Completed,1.0,0.5,Medium
STU00074,CRS019,5,3,6.89,72.8,8,Active,0.625,0.6,Medium
STU00075,CRS015,3,2,5.77,42.67,8,Active,0.375,0.6666666666666666,Medium
STU00077,CRS012,8,4,7.03,51.25,8,Completed,1.0,0.5,Medium
STU00080,CRS005,4,2,4.21,58.75,8,Active,0.5,0.5,Medium
STU00083,CRS015,8,5,7.48,51.88,8,Completed,1.0,0.625,Medium
STU00086,CRS014,4,2,4.1,43.75,8,Active,0.5,0.5,Medium
STU00087,CRS019,2,2,4.48,38.0,8,Active,0.25,1.0,High
STU00089,CRS003,5,4,5.81,63.0,8,Active,0.625,0.8,High
STU00089,CRS012,6,4,5.57,55.67,8,Active,0.75,0.6666666666666666,Medium
STU00093,CRS020,8,3,6.52,62.5,8,Completed,1.0,0.375,Low
STU00099,CRS002,7,6,6.74,47.71,8,Active,0.875,0.8571428571428571,High
STU00099,CRS016,4,2,2.39,38.25,8,Active,0.5,0.5,Medium
STU00102,CRS020,1,1,7.26,52.0,8,Dropped,0.125,1.0,Low
STU00105,CRS015,8,6,3.62,59.25,8,Completed,1.0,0.75,High
STU00110,CRS007,5,3,5.58,38.4,8,Dropped,0.625,0.6,Medium
STU00112,CRS014,8,3,6.17,50.13,8,Completed,1.0,0.375,Low
STU00112,CRS004,4,2,5.7,55.0,8,Active,0.5,0.5,Medium
STU00116,CRS004,3,2,7.04,64.33,8,Active,0.375,0.6666666666666666,Medium
STU00119,CRS001,3,2,6.6,32.33,8,Dropped,0.375,0.6666666666666666,Medium
STU00125,CRS015,8,7,5.37,53.75,8,Completed,1.0,0.875,High
STU00126,CRS018,3,0,7.54,58.67,8,Active,0.375,0.0,Low
STU00127,CRS018,8,5,5.03,45.13,8,Completed,1.0,0.625,Medium
STU00132,CRS012,8,5,7.1,45.25,8,Completed,1.0,0.625,Medium
STU00132,CRS006,4,2,5.45,38.75,8,Dropped,0.5,0.5,Medium
STU00134,CRS007,8,4,4.76,47.0,8,Active,1.0,0.5,Medium
STU00137,CRS017,2,1,3.18,68.5,8,Dropped,0.25,0.5,Medium
STU00147,CRS003,3,3,3.11,61.33,8,Dropped,0.375,1.0,High
STU00148,CRS002,8,5,8.68,62.5,8,Completed,1.0,0.625,Medium
STU00159,CRS014,7,6,4.64,55.71,8,Active,0.875,0.8571428571428571,High
STU00162,CRS009,8,5,4.01,61.13,8,Completed,1.0,0.625,Medium
STU00162,CRS017,8,5,6.87,43.5,8,Completed,1.0,0.625,Medium
STU00163,CRS005,4,3,6.86,60.0,8,Active,0.5,0.75,High
STU00163,CRS017,5,2,5.71,41.6,8,Active,0.625,0.4,Low
STU00167,CRS002,6,6,6.18,40.5,8,Active,0.75,1.0,High
STU00167,CRS011,1,1,7.91,10.0,8,Active,0.125,1.0,Low
STU00170,CRS014,7,4,6.03,68.71,8,Active,0.875,0.5714285714285714,Medium
STU00171,CRS020,8,4,7.51,52.63,8,Completed,1.0,0.5,Medium
STU00173,CRS017,8,4,4.63,49.75,8,Completed,1.0,0.5,Medium
STU00174,CRS012,8,7,5.75,53.88,8,Completed,1.0,0.875,High
STU00193,CRS019,7,5,3.36,43.14,8,Active,0.875,0.7142857142857143,High
STU00194,CRS020,7,4,6.5,45.43,8,Active,0.875,0.5714285714285714,Medium
STU00194,CRS013,6,4,3.05,41.0,8,Active,0.75,0.6666666666666666,Medium
STU00205,CRS007,5,3,3.43,65.8,8,Active,0.625,0.6,Medium
STU00209,CRS019,8,6,3.31,50.38,8,Completed,1.0,0.75,High
STU00211,CRS008,5,3,4.26,35.4,8,Active,0.625,0.6,Medium
STU00211,CRS015,6,3,4.92,35.0,8,Active,0.75,0.5,Medium
STU00218,CRS016,6,3,3.56,61.5,8,Active,0.75,0.5,Medium
STU00225,CRS020,7,5,6.25,58.86,8,Active,0.875,0.7142857142857143,High
STU00229,CRS005,8,6,3.25,50.63,8,Completed,1.0,0.75,High
STU00232,CRS019,8,5,5.26,49.5,8,Completed,1.0,0.625,Medium
STU00233,CRS017,8,6,4.64,44.25,8,Completed,1.0,0.75,High
STU00234,CRS020,2,1,9.7,65.5,8,Dropped,0.25,0.5,Medium
STU00234,CRS009,8,3,4.59,40.25,8,Completed,1.0,0.375,Low
STU00235,CRS010,8,6,3.07,42.5,8,Completed,1.0,0.75,High
STU00242,CRS013,6,4,4.03,48.0,8,Active,0.75,0.6666666666666666,Medium
STU00252,CRS012,8,7,6.14,36.38,8,Completed,1.0,0.875,High
STU00254,CRS018,5,3,6.07,37.8,8,Dropped,0.625,0.6,Medium
STU00259,CRS016,7,5,3.89,52.71,8,Active,0.875,0.7142857142857143,High
STU00260,CRS010,8,2,4.29,65.88,8,Completed,1.0,0.25,Low
STU00260,CRS005,8,6,6.49,57.63,8,Completed,1.0,0.75,High
STU00262,CRS004,2,2,7.98,85.0,8,Dropped,0.25,1.0,High
STU00263,CRS004,2,1,3.77,50.5,8,Dropped,0.25,0.5,Medium
STU00265,CRS005,8,3,3.77,50.38,8,Completed,1.0,0.375,Low
STU00267,CRS014,5,4,4.26,54.6,8,Dropped,0.625,0.8,High
STU00271,CRS003,2,1,5.48,43.0,8,Dropped,0.25,0.5,Medium
STU00276,CRS012,7,4,7.78,36.29,8,Active,0.875,0.5714285714285714,Medium
STU00277,CRS016,7,4,5.24,56.43,8,Active,0.875,0.5714285714285714,Medium
STU00278,CRS018,6,4,4.21,47.33,8,Active,0.75,0.6666666666666666,Medium
STU00281,CRS014,6,2,6.29,62.0,8,Active,0.75,0.3333333333333333,Low
STU00286,CRS011,6,4,6.0,54.0,8,Active,0.75,0.6666666666666666,Medium
STU00288,CRS004,1,1,8.41,63.0,8,Dropped,0.125,1.0,Low
STU00291,CRS012,4,3,2.38,40.5,8,Active,0.5,0.75,High
STU00301,CRS020,8,7,5.83,53.25,8,Completed,1.0,0.875,High
STU00303,CRS009,8,6,5.57,37.25,8,Completed,1.0,0.75,High
STU00307,CRS003,8,5,4.46,60.38,8,Completed,1.0,0.625,Medium
STU00315,CRS007,8,6,4.33,52.0,8,Active,1.0,0.75,High
STU00318,CRS018,7,3,8.63,27.57,8,Active,0.875,0.42857142857142855,Low
STU00319,CRS009,8,4,4.79,61.25,8,Active,1.0,0.5,Medium
STU00322,CRS018,8,7,5.47,68.63,8,Completed,1.0,0.875,High
STU00327,CRS011,8,5,5.34,51.88,8,Completed,1.0,0.625,Medium
STU00329,CRS009,4,3,6.95,44.75,8,Active,0.5,0.75,High
STU00330,CRS012,7,2,6.1,42.14,8,Active,0.875,0.2857142857142857,Low
STU00337,CRS013,2,1,3.96,31.5,8,Active,0.25,0.5,Medium
STU00338,CRS015,5,2,7.3,51.4,8,Active,0.625,0.4,Low
STU00342,CRS010,3,1,2.43,27.0,8,Dropped,0.375,0.3333333333333333,Low
STU00347,CRS018,5,2,7.52,58.0,8,Dropped,0.625,0.4,Low
STU00348,CRS015,8,6,3.12,33.88,8,Completed,1.0,0.75,High
STU00350,CRS010,2,1,1.68,63.5,8,Active,0.25,0.5,Medium
STU00353,CRS013,8,6,4.58,57.38,8,Completed,1.0,0.75,High
STU00357,CRS010,5,3,3.37,50.8,8,Active,0.625,0.6,Medium
STU00361,CRS003,5,4,4.93,46.4,8,Active,0.625,0.8,High
STU00362,CRS002,6,1,6.28,58.33,8,Active,0.75,0.16666666666666666,Low
STU00366,CRS009,8,5,5.96,50.13,8,Completed,1.0,0.625,Medium
STU00368,CRS003,5,3,6.21,56.4,8,Active,0.625,0.6,Medium
STU00372,CRS006,7,4,6.77,51.43,8,Active,0.875,0.5714285714285714,Medium
STU00378,CRS019,8,5,5.19,47.5,8,Completed,1.0,0.625,Medium
STU00378,CRS006,8,7,5.1,40.25,8,Completed,1.0,0.875,High
STU00380,CRS015,4,2,4.03,18.75,8,Dropped,0.5,0.5,Medium
STU00381,CRS011,8,3,4.4,55.75,8,Completed,1.0,0.375,Low
STU00382,CRS002,1,0,5.36,67.0,8,Dropped,0.125,0.0,Low
STU00386,CRS019,3,0,3.94,37.33,8,Active,0.375,0.0,Low
STU00387,CRS011,8,3,5.49,59.25,8,Active,1.0,0.375,Low
STU00388,CRS002,3,1,7.06,35.0,8,Active,0.375,0.3333333333333333,Low
STU00391,CRS017,6,4,4.73,50.83,8,Active,0.75,0.6666666666666666,Medium
STU00392,CRS016,8,5,4.05,70.5,8,Completed,1.0,0.625,Medium
STU00395,CRS005,8,5,4.72,59.88,8,Completed,1.0,0.625,Medium
STU00397,CRS012,8,6,5.98,42.63,8,Completed,1.0,0.75,High
STU00397,CRS019,4,3,2.93,38.0,8,Active,0.5,0.75,High
STU00398,CRS015,1,0,3.33,31.0,8,Dropped,0.125,0.0,Low
STU00399,CRS003,8,7,5.23,47.38,8,Active,1.0,0.875,High
STU00400,CRS010,7,5,4.6,59.86,8,Active,0.875,0.7142857142857143,High
STU00403,CRS002,8,3,7.18,48.38,8,Completed,1.0,0.375,Low
STU00404,CRS003,1,1,1.06,50.0,8,Dropped,0.125,1.0,Low
STU00405,CRS008,8,3,5.79,50.13,8,Completed,1.0,0.375,Low
STU00413,CRS006,7,3,5.09,55.86,8,Active,0.875,0.42857142857142855,Low
STU00413,CRS011,2,1,2.99,22.5,8,Dropped,0.25,0.5,Medium
STU00414,CRS011,8,6,5.54,48.63,8,Completed,1.0,0.75,High
STU00417,CRS016,8,4,2.66,53.38,8,Completed,1.0,0.5,Medium
STU00419,CRS015,8,6,4.95,50.0,8,Completed,1.0,0.75,High
STU00421,CRS002,2,2,7.26,56.5,8,Dropped,0.25,1.0,High
STU00424,CRS015,5,5,4.75,41.8,8,Active,0.625,1.0,High
STU00428,CRS003,8,4,6.98,71.0,8,Completed,1.0,0.5,Medium
STU00428,CRS013,8,5,5.45,52.63,8,Completed,1.0,0.625,Medium
STU00430,CRS005,6,4,3.81,50.83,8,Active,0.75,0.6666666666666666,Medium
STU00433,CRS015,8,4,5.19,39.25,8,Completed,1.0,0.5,Medium
STU00434,CRS019,4,2,3.84,55.25,8,Dropped,0.5,0.5,Medium
STU00435,CRS011,4,2,6.97,55.0,8,Active,0.5,0.5,Medium
STU00436,CRS019,8,4,3.71,28.38,8,Completed,1.0,0.5,Medium
STU00439,CRS011,8,3,6.89,48.38,8,Completed,1.0,0.375,Low
STU00446,CRS003,8,5,4.98,56.38,8,Completed,1.0,0.625,Medium
STU00449,CRS016,8,4,5.44,47.88,8,Completed,1.0,0.5,Medium
STU00450,CRS015,8,3,4.97,37.0,8,Completed,1.0,0.375,Low
STU00450,CRS002,5,4,6.62,56.4,8,Active,0.625,0.8,High
STU00453,CRS003,8,5,5.33,47.88,8,Completed,1.0,0.625,Medium
STU00453,CRS008,5,2,5.39,55.2,8,Active,0.625,0.4,Low
STU00456,CRS011,4,2,4.33,56.0,8,Dropped,0.5,0.5,Medium
STU00458,CRS004,7,3,4.38,56.14,8,Active,0.875,0.42857142857142855,Low
STU00458,CRS003,8,5,3.5,40.38,8,Completed,1.0,0.625,Medium
STU00460,CRS011,2,2,3.99,62.5,8,Active,0.25,1.0,High
STU00467,CRS009,4,1,5.81,56.0,8,Active,0.5,0.25,Low
STU00470,CRS018,8,6,4.05,44.25,8,Active,1.0,0.75,High
STU00473,CRS004,7,6,4.87,62.71,8,Active,0.875,0.8571428571428571,High
STU00484,CRS003,3,3,3.73,38.67,8,Dropped,0.375,1.0,High
STU00489,CRS017,8,7,5.25,34.5,8,Completed,1.0,0.875,High
STU00489,CRS018,8,6,5.02,36.63,8,Completed,1.0,0.75,High
STU00490,CRS002,8,5,8.77,42.88,8,Completed,1.0,0.625,Medium
STU00496,CRS015,5,4,5.32,31.4,8,Active,0.625,0.8,High
STU00496,CRS006,8,5,6.76,47.63,8,Completed,1.0,0.625,Medium
STU00216,CRS005,8,5,5.33,37.13,8,Active,1.0,0.625,Medium
STU00346,CRS003,8,3,5.87,50.13,8,Completed,1.0,0.375,Low
STU00402,CRS009,8,3,4.21,41.13,8,Completed,1.0,0.375,Low
STU00004,CRS019,7,2,2.76,60.29,8,Active,0.875,0.2857142857142857,Low
STU00008,CRS008,8,2,4.34,54.38,8,Completed,1.0,0.25,Low
STU00011,CRS003,8,6,5.34,46.0,8,Completed,1.0,0.75,High
STU00014,CRS018,8,4,6.71,53.5,8,Completed,1.0,0.5,Medium
STU00015,CRS004,7,4,5.36,54.57,8,Active,0.875,0.5714285714285714,Medium
STU00020,CRS011,1,1,2.61,76.0,8,Active,0.125,1.0,Low
STU00025,CRS017,8,3,5.42,56.13,8,Completed,1.0,0.375,Low
STU00025,CRS004,8,6,4.69,54.63,8,Completed,1.0,0.75,High
STU00030,CRS009,8,3,4.37,48.75,8,Completed,1.0,0.375,Low
STU00038,CRS007,1,1,2.38,94.0,8,Dropped,0.125,1.0,Low
STU00042,CRS019,5,3,3.05,64.6,8,Active,0.625,0.6,Medium
STU00043,CRS012,8,4,9.01,46.63,8,Completed,1.0,0.5,Medium
STU00046,CRS010,8,5,4.15,46.75,8,Completed,1.0,0.625,Medium
STU00047,CRS004,7,5,5.23,54.57,8,Active,0.875,0.7142857142857143,High
STU00053,CRS006,5,4,3.31,50.0,8,Active,0.625,0.8,High
STU00055,CRS003,1,1,7.31,18.0,8,Active,0.125,1.0,Low
STU00056,CRS006,4,2,5.39,42.25,8,Active,0.5,0.5,Medium
STU00060,CRS016,6,4,4.35,34.17,8,Active,0.75,0.6666666666666666,Medium
STU00066,CRS012,2,1,1.74,49.5,8,Dropped,0.25,0.5,Medium
STU00066,CRS007,8,7,4.2,51.0,8,Completed,1.0,0.875,High
STU00080,CRS008,8,4,5.83,60.38,8,Completed,1.0,0.5,Medium
STU00080,CRS017,4,2,3.93,40.25,8,Dropped,0.5,0.5,Medium
STU00081,CRS016,8,6,2.9,59.88,8,Completed,1.0,0.75,High
STU00083,CRS007,5,3,5.26,65.6,8,Dropped,0.625,0.6,Medium
STU00088,CRS016,2,2,3.17,54.5,8,Active,0.25,1.0,High
STU00090,CRS020,3,3,4.84,36.33,8,Active,0.375,1.0,High
STU00091,CRS017,8,4,5.33,56.88,8,Completed,1.0,0.5,Medium
STU00091,CRS013,2,1,3.22,44.0,8,Active,0.25,0.5,Medium
STU00092,CRS005,8,5,4.18,49.5,8,Completed,1.0,0.625,Medium
STU00095,CRS012,8,6,6.31,53.13,8,Completed,1.0,0.75,High
STU00096,CRS006,8,5,5.68,43.25,8,Completed,1.0,0.625,Medium
STU00097,CRS001,7,4,6.42,59.86,8,Active,0.875,0.5714285714285714,Medium
STU00098,CRS009,8,3,4.76,45.5,8,Completed,1.0,0.375,Low
STU00100,CRS004,3,1,3.08,37.67,8,Dropped,0.375,0.3333333333333333,Low
STU00100,CRS008,4,2,9.04,56.25,8,Active,0.5,0.5,Medium
STU00100,CRS002,2,1,5.08,63.0,8,Dropped,0.25,0.5,Medium
STU00102,CRS014,8,6,4.99,28.5,8,Completed,1.0,0.75,High
STU00106,CRS019,8,4,4.39,42.13,8,Completed,1.0,0.5,Medium
STU00116,CRS015,8,5,5.86,42.25,8,Completed,1.0,0.625,Medium
STU00117,CRS003,6,2,4.08,60.33,8,Active,0.75,0.3333333333333333,Low
STU00120,CRS004,4,1,9.65,53.0,8,Active,0.5,0.25,Low
STU00121,CRS003,5,3,4.54,62.6,8,Active,0.625,0.6,Medium
STU00124,CRS020,4,3,8.07,49.25,8,Active,0.5,0.75,High
STU00134,CRS010,3,2,3.48,49.0,8,Active,0.375,0.6666666666666666,Medium
STU00141,CRS002,1,1,1.45,80.0,8,Dropped,0.125,1.0,Low
STU00146,CRS008,6,3,7.66,52.33,8,Active,0.75,0.5,Medium
STU00147,CRS006,7,6,5.21,45.71,8,Active,0.875,0.8571428571428571,High
STU00148,CRS020,3,2,7.2,81.67,8,Active,0.375,0.6666666666666666,Medium
STU00155,CRS019,8,6,3.77,36.75,8,Completed,1.0,0.75,High
STU00158,CRS006,4,1,3.59,66.0,8,Active,0.5,0.25,Low
STU00162,CRS011,4,3,4.99,62.75,8,Dropped,0.5,0.75,High
STU00164,CRS010,6,3,3.82,48.33,8,Dropped,0.75,0.5,Medium
STU00166,CRS013,8,3,4.06,45.13,8,Completed,1.0,0.375,Low
STU00168,CRS010,3,2,4.02,34.0,8,Dropped,0.375,0.6666666666666666,Medium
STU00169,CRS005,4,0,5.38,82.75,8,Dropped,0.5,0.0,Low
STU00172,CRS017,8,6,5.23,56.13,8,Completed,1.0,0.75,High
STU00174,CRS016,6,3,3.17,52.33,8,Active,0.75,0.5,Medium
STU00180,CRS014,8,4,4.42,41.88,8,Completed,1.0,0.5,Medium
STU00183,CRS011,8,5,4.9,54.75,8,Completed,1.0,0.625,Medium
STU00183,CRS019,8,4,4.25,58.0,8,Completed,1.0,0.5,Medium
STU00185,CRS005,8,5,5.55,57.75,8,Completed,1.0,0.625,Medium
STU00186,CRS007,8,3,4.6,46.13,8,Completed,1.0,0.375,Low
STU00186,CRS016,2,2,4.25,58.0,8,Dropped,0.25,1.0,High
STU00192,CRS003,8,3,4.37,63.38,8,Active,1.0,0.375,Low
STU00196,CRS010,7,6,4.92,54.43,8,Active,0.875,0.8571428571428571,High
STU00204,CRS018,6,3,6.51,36.0,8,Active,0.75,0.5,Medium
STU00205,CRS001,8,3,3.73,33.13,8,Completed,1.0,0.375,Low
STU00207,CRS014,5,4,4.66,44.4,8,Active,0.625,0.8,High
STU00213,CRS004,4,2,6.23,73.0,8,Dropped,0.5,0.5,Medium
STU00215,CRS012,8,6,4.33,63.25,8,Completed,1.0,0.75,High
STU00216,CRS006,7,4,5.82,53.71,8,Active,0.875,0.5714285714285714,Medium
STU00221,CRS020,5,2,9.09,58.4,8,Active,0.625,0.4,Low
STU00222,CRS016,4,2,4.12,49.5,8,Active,0.5,0.5,Medium
STU00227,CRS011,8,2,5.99,52.25,8,Completed,1.0,0.25,Low
STU00235,CRS017,4,2,6.15,42.75,8,Dropped,0.5,0.5,Medium
STU00237,CRS014,6,4,5.49,66.33,8,Active,0.75,0.6666666666666666,Medium
STU00239,CRS002,5,2,6.65,33.2,8,Active,0.625,0.4,Low
STU00239,CRS010,8,4,5.78,41.38,8,Completed,1.0,0.5,Medium
STU00245,CRS002,8,3,6.89,45.88,8,Completed,1.0,0.375,Low
STU00246,CRS002,2,2,2.58,43.0,8,Dropped,0.25,1.0,High
STU00247,CRS010,8,7,4.04,41.13,8,Completed,1.0,0.875,High
STU00252,CRS001,8,3,5.96,82.13,8,Completed,1.0,0.375,Low
STU00253,CRS007,5,3,4.84,25.6,8,Active,0.625,0.6,Medium
STU00254,CRS003,4,1,6.79,55.5,8,Active,0.5,0.25,Low
STU00254,CRS017,8,5,6.13,43.38,8,Completed,1.0,0.625,Medium
STU00258,CRS004,2,1,7.25,45.5,8,Dropped,0.25,0.5,Medium
STU00260,CRS020,6,4,4.89,52.83,8,Active,0.75,0.6666666666666666,Medium
STU00264,CRS005,8,2,6.15,49.88,8,Active,1.0,0.25,Low
STU00264,CRS008,2,2,4.64,71.0,8,Active,0.25,1.0,High
STU00265,CRS011,8,6,5.45,41.63,8,Active,1.0,0.75,High
STU00273,CRS008,8,4,4.77,56.75,8,Completed,1.0,0.5,Medium
STU00275,CRS017,8,4,5.45,35.75,8,Completed,1.0,0.5,Medium
STU00279,CRS003,8,3,5.04,55.63,8,Completed,1.0,0.375,Low
STU00280,CRS017,8,6,4.32,42.38,8,Completed,1.0,0.75,High
STU00281,CRS008,8,7,4.88,50.13,8,Completed,1.0,0.875,High
STU00285,CRS005,8,4,5.56,66.88,8,Completed,1.0,0.5,Medium
STU00290,CRS017,4,3,3.37,37.75,8,Active,0.5,0.75,High
STU00291,CRS004,7,3,4.83,58.57,8,Active,0.875,0.42857142857142855,Low
STU00291,CRS014,1,1,10.84,71.0,8,Dropped,0.125,1.0,Low
STU00292,CRS014,8,4,3.08,49.5,8,Completed,1.0,0.5,Medium
STU00295,CRS019,8,5,4.25,51.88,8,Completed,1.0,0.625,Medium
STU00296,CRS018,8,3,3.75,48.13,8,Active,1.0,0.375,Low
STU00296,CRS020,3,1,6.43,58.0,8,Active,0.375,0.3333333333333333,Low
STU00297,CRS005,8,5,4.27,44.13,8,Completed,1.0,0.625,Medium
STU00298,CRS002,8,5,6.29,57.5,8,Completed,1.0,0.625,Medium
STU00302,CRS002,7,4,8.16,57.43,8,Active,0.875,0.5714285714285714,Medium
STU00304,CRS007,6,1,4.15,53.17,8,Active,0.75,0.16666666666666666,Low
STU00310,CRS016,5,4,3.43,55.8,8,Active,0.625,0.8,High
STU00313,CRS001,3,3,6.09,39.33,8,Active,0.375,1.0,High
STU00313,CRS003,5,4,5.7,24.4,8,Active,0.625,0.8,High
STU00318,CRS002,5,4,5.56,39.4,8,Dropped,0.625,0.8,High
STU00319,CRS020,8,3,5.77,52.25,8,Completed,1.0,0.375,Low
STU00320,CRS013,4,4,4.9,62.25,8,Active,0.5,1.0,High
STU00326,CRS016,4,3,4.25,50.0,8,Active,0.5,0.75,High
STU00330,CRS010,8,6,4.49,54.88,8,Completed,1.0,0.75,High
STU00331,CRS006,8,6,6.09,62.38,8,Completed,1.0,0.75,High
STU00332,CRS020,6,3,5.53,63.17,8,Active,0.75,0.5,Medium
STU00334,CRS003,5,4,5.88,64.4,8,Active,0.625,0.8,High
STU00336,CRS002,5,5,4.95,27.4,8,Dropped,0.625,1.0,High
STU00340,CRS015,8,6,5.35,47.88,8,Completed,1.0,0.75,High
STU00343,CRS016,8,4,3.64,55.75,8,Completed,1.0,0.5,Medium
STU00353,CRS003,3,2,6.63,17.67,8,Active,0.375,0.6666666666666666,Medium
STU00354,CRS004,8,3,6.48,29.5,8,Completed,1.0,0.375,Low
STU00355,CRS004,5,4,6.31,41.6,8,Active,0.625,0.8,High
STU00363,CRS018,4,3,6.37,32.25,8,Active,0.5,0.75,High
STU00364,CRS007,2,1,5.56,57.0,8,Dropped,0.25,0.5,Medium
STU00367,CRS017,8,1,6.37,46.5,8,Completed,1.0,0.125,Low
STU00375,CRS016,8,7,4.34,76.63,8,Completed,1.0,0.875,High
STU00377,CRS003,2,1,3.59,59.0,8,Active,0.25,0.5,Medium
STU00377,CRS019,8,4,3.97,45.5,8,Completed,1.0,0.5,Medium
STU00382,CRS013,8,6,4.7,63.75,8,Completed,1.0,0.75,High
STU00383,CRS001,2,2,6.29,49.0,8,Active,0.25,1.0,High
STU00388,CRS004,8,5,6.21,46.25,8,Completed,1.0,0.625,Medium
STU00388,CRS003,8,5,4.76,34.75,8,Completed,1.0,0.625,Medium
STU00390,CRS010,8,6,5.57,51.5,8,Completed,1.0,0.75,High
STU00391,CRS019,2,1,2.42,54.5,8,Active,0.25,0.5,Medium
STU00391,CRS003,4,2,5.41,32.0,8,Active,0.5,0.5,Medium
STU00393,CRS018,3,3,3.65,63.67,8,Active,0.375,1.0,High
STU00396,CRS007,2,1,3.9,28.0,8,Active,0.25,0.5,Medium
STU00397,CRS014,3,1,5.92,43.67,8,Active,0.375,0.3333333333333333,Low
STU00400,CRS001,1,0,1.01,46.0,8,Dropped,0.125,0.0,Low
STU00402,CRS017,8,6,4.04,48.13,8,Completed,1.0,0.75,High
STU00402,CRS018,5,2,4.71,60.6,8,Active,0.625,0.4,Low
STU00405,CRS013,8,7,4.67,76.88,8,Completed,1.0,0.875,High
STU00406,CRS020,2,1,8.05,54.5,8,Active,0.25,0.5,Medium
STU00406,CRS018,2,2,10.43,59.0,8,Dropped,0.25,1.0,High
STU00406,CRS003,8,2,4.53,45.63,8,Completed,1.0,0.25,Low
STU00406,CRS006,8,6,3.49,52.88,8,Completed,1.0,0.75,High
STU00408,CRS013,8,7,4.88,52.0,8,Completed,1.0,0.875,High
STU00409,CRS010,3,2,4.12,78.33,8,Active,0.375,0.6666666666666666,Medium
STU00412,CRS005,8,6,4.99,63.75,8,Completed,1.0,0.75,High
STU00415,CRS015,3,3,5.36,72.67,8,Active,0.375,1.0,High
STU00415,CRS009,6,4,3.52,51.33,8,Active,0.75,0.6666666666666666,Medium
STU00416,CRS008,8,7,4.98,43.63,8,Completed,1.0,0.875,High
STU00416,CRS017,8,5,6.2,40.0,8,Completed,1.0,0.625,Medium
STU00419,CRS020,4,3,4.3,59.25,8,Dropped,0.5,0.75,High
STU00421,CRS008,6,2,6.28,51.5,8,Active,0.75,0.3333333333333333,Low
STU00422,CRS007,7,2,4.18,37.86,8,Active,0.875,0.2857142857142857,Low
STU00427,CRS004,3,3,8.2,43.0,8,Active,0.375,1.0,High
STU00431,CRS020,4,3,4.9,72.75,8,Active,0.5,0.75,High
STU00432,CRS016,6,2,2.89,54.0,8,Active,0.75,0.3333333333333333,Low
STU00433,CRS014,4,2,5.07,47.75,8,Active,0.5,0.5,Medium
STU00435,CRS002,7,5,8.21,53.71,8,Active,0.875,0.7142857142857143,High
STU00442,CRS019,6,5,3.64,27.0,8,Active,0.75,0.8333333333333334,High
STU00443,CRS001,8,4,7.04,43.75,8,Completed,1.0,0.5,Medium
STU00449,CRS005,2,1,2.51,65.5,8,Dropped,0.25,0.5,Medium
STU00453,CRS012,4,3,4.26,26.25,8,Active,0.5,0.75,High
STU00455,CRS003,8,3,4.83,51.13,8,Completed,1.0,0.375,Low
STU00457,CRS007,8,6,4.12,68.5,8,Completed,1.0,0.75,High
STU00459,CRS019,8,6,2.98,57.88,8,Completed,1.0,0.75,High
STU00461,CRS015,6,3,6.98,46.67,8,Active,0.75,0.5,Medium
STU00463,CRS010,5,4,3.33,68.0,8,Active,0.625,0.8,High
STU00466,CRS020,8,5,6.8,57.88,8,Completed,1.0,0.625,Medium
STU00468,CRS011,7,2,5.15,43.71,8,Active,0.875,0.2857142857142857,Low
STU00469,CRS006,8,5,5.04,30.25,8,Completed,1.0,0.625,Medium
STU00473,CRS011,6,3,4.28,49.33,8,Active,0.75,0.5,Medium
STU00474,CRS011,2,2,1.48,28.0,8,Active,0.25,1.0,Medium
STU00474,CRS002,8,4,5.88,37.63,8,Completed,1.0,0.5,Medium
STU00479,CRS001,8,6,6.55,48.0,8,Completed,1.0,0.75,High
STU00481,CRS013,8,4,4.23,40.88,8,Completed,1.0,0.5,Medium
STU00483,CRS010,8,6,3.09,69.13,8,Completed,1.0,0.75,High
STU00486,CRS017,8,5,5.08,56.38,8,Completed,1.0,0.625,Medium
STU00490,CRS001,8,4,6.37,63.38,8,Completed,1.0,0.5,Medium
STU00491,CRS010,8,6,6.16,46.75,8,Completed,1.0,0.75,High
STU00492,CRS016,8,3,3.54,53.13,8,Completed,1.0,0.375,Low
STU00492,CRS006,7,4,5.0,59.14,8,Active,0.875,0.5714285714285714,Medium
STU00500,CRS020,8,4,7.35,54.75,8,Completed,1.0,0.5,Medium
STU00195,CRS007,8,3,3.52,41.13,8,Completed,1.0,0.375,Low
STU00262,CRS006,8,4,5.33,56.5,8,Completed,1.0,0.5,Medium
STU00328,CRS004,7,5,5.86,56.57,8,Active,0.875,0.7142857142857143,High
STU00002,CRS009,8,5,4.86,53.13,8,Completed,1.0,0.625,Medium
STU00005,CRS018,4,3,3.98,68.75,8,Active,0.5,0.75,High
STU00009,CRS020,8,5,5.43,29.5,8,Completed,1.0,0.625,Medium
STU00010,CRS004,4,3,4.32,76.0,8,Active,0.5,0.75,High
STU00010,CRS019,8,4,1.99,57.5,8,Completed,1.0,0.5,Medium
STU00015,CRS017,3,2,7.72,31.33,8,Dropped,0.375,0.6666666666666666,Medium
STU00016,CRS019,4,2,5.02,57.25,8,Active,0.5,0.5,Medium
STU00018,CRS006,8,6,5.93,67.75,8,Completed,1.0,0.75,High
STU00020,CRS013,8,6,5.67,51.75,8,Completed,1.0,0.75,High
STU00024,CRS012,2,0,7.02,64.5,8,Active,0.25,0.0,Low
STU00025,CRS001,3,1,4.0,63.67,8,Dropped,0.375,0.3333333333333333,Low
STU00031,CRS012,4,1,4.93,56.5,8,Active,0.5,0.25,Low
STU00032,CRS016,8,5,5.07,30.63,8,Completed,1.0,0.625,Medium
STU00034,CRS015,3,1,3.71,77.0,8,Dropped,0.375,0.3333333333333333,Low
STU00037,CRS007,8,4,5.88,61.88,8,Completed,1.0,0.5,Medium
STU00041,CRS018,4,2,5.21,46.25,8,Active,0.5,0.5,Medium
STU00041,CRS002,3,1,6.7,58.33,8,Active,0.375,0.3333333333333333,Low
STU00041,CRS012,8,7,7.22,30.0,8,Completed,1.0,0.875,High
STU00047,CRS015,8,5,5.13,22.63,8,Completed,1.0,0.625,Medium
STU00049,CRS008,8,6,2.9,37.75,8,Active,1.0,0.75,High
STU00052,CRS019,6,5,4.36,52.67,8,Active,0.75,0.8333333333333334,High
STU00054,CRS013,8,5,3.68,54.75,8,Completed,1.0,0.625,Medium
STU00057,CRS017,8,5,6.6,53.88,8,Completed,1.0,0.625,Medium
STU00058,CRS019,6,4,3.27,58.5,8,Active,0.75,0.6666666666666666,Medium
STU00060,CRS014,8,5,4.5,44.38,8,Completed,1.0,0.625,Medium
STU00060,CRS020,2,0,11.18,68.0,8,Active,0.25,0.0,Low
STU00064,CRS008,8,3,6.86,44.5,8,Active,1.0,0.375,Low
STU00064,CRS002,8,5,5.78,44.63,8,Completed,1.0,0.625,Medium
STU00078,CRS013,8,4,5.48,43.13,8,Completed,1.0,0.5,Medium
STU00090,CRS019,8,5,4.1,48.75,8,Completed,1.0,0.625,Medium
STU00092,CRS018,8,6,5.83,30.13,8,Completed,1.0,0.75,High
STU00098,CRS017,8,6,5.07,46.88,8,Completed,1.0,0.75,High
STU00098,CRS020,8,4,6.13,32.25,8,Completed,1.0,0.5,Medium
STU00105,CRS003,4,1,7.48,28.5,8,Active,0.5,0.25,Low
STU00106,CRS010,8,6,2.66,35.75,8,Completed,1.0,0.75,High
STU00110,CRS010,1,1,4.48,4.0,8,Dropped,0.125,1.0,Low
STU00112,CRS012,8,4,6.18,53.38,8,Completed,1.0,0.5,Medium
STU00114,CRS011,2,0,5.25,72.5,8,Active,0.25,0.0,Low
STU00120,CRS008,5,2,5.86,64.0,8,Active,0.625,0.4,Low
STU00120,CRS019,3,2,3.39,67.0,8,Active,0.375,0.6666666666666666,Medium
STU00126,CRS014,7,6,5.67,54.86,8,Active,0.875,0.8571428571428571,High
STU00130,CRS008,7,2,7.44,62.71,8,Active,0.875,0.2857142857142857,Low
STU00131,CRS008,8,3,5.48,31.88,8,Completed,1.0,0.375,Low
STU00135,CRS007,2,2,6.51,34.0,8,Dropped,0.25,1.0,High
STU00136,CRS001,8,5,7.48,53.38,8,Active,1.0,0.625,Medium
STU00139,CRS016,6,5,5.17,29.67,8,Active,0.75,0.8333333333333334,High
STU00139,CRS012,5,4,5.9,81.4,8,Active,0.625,0.8,High
STU00140,CRS001,7,4,6.3,43.86,8,Active,0.875,0.5714285714285714,Medium
STU00141,CRS004,3,2,6.56,56.33,8,Dropped,0.375,0.6666666666666666,Medium
STU00145,CRS013,8,5,4.69,59.75,8,Completed,1.0,0.625,Medium
STU00146,CRS015,3,3,6.57,68.67,8,Dropped,0.375,1.0,High
STU00151,CRS010,8,8,4.04,43.88,8,Completed,1.0,1.0,High
STU00151,CRS016,8,5,4.26,35.63,8,Completed,1.0,0.625,Medium
STU00155,CRS013,8,5,5.14,40.88,8,Completed,1.0,0.625,Medium
STU00158,CRS005,7,4,4.3,42.0,8,Active,0.875,0.5714285714285714,Medium
STU00160,CRS020,1,1,4.25,37.0,8,Active,0.125,1.0,Low
STU00161,CRS003,7,4,5.63,62.57,8,Active,0.875,0.5714285714285714,Medium
STU00166,CRS009,4,4,4.1,37.25,8,Active,0.5,1.0,High
STU00167,CRS013,8,4,4.34,36.13,8,Completed,1.0,0.5,Medium
STU00178,CRS001,8,2,4.66,52.13,8,Completed,1.0,0.25,Low
STU00179,CRS006,5,2,5.2,64.2,8,Active,0.625,0.4,Low
STU00181,CRS017,5,2,7.9,42.6,8,Active,0.625,0.4,Low
STU00181,CRS004,5,2,9.44,57.0,8,Dropped,0.625,0.4,Low
STU00187,CRS016,2,0,4.53,50.5,8,Active,0.25,0.0,Low
STU00188,CRS006,8,6,3.96,43.13,8,Active,1.0,0.75,High
STU00189,CRS012,5,1,7.49,42.4,8,Dropped,0.625,0.2,Low
STU00190,CRS019,8,6,4.21,55.13,8,Completed,1.0,0.75,High
STU00194,CRS014,4,4,8.07,55.0,8,Active,0.5,1.0,High
STU00195,CRS017,8,6,6.88,41.0,8,Completed,1.0,0.75,High
STU00198,CRS017,2,2,6.59,40.0,8,Dropped,0.25,1.0,High
STU00202,CRS018,8,3,6.06,50.88,8,Completed,1.0,0.375,Low
STU00206,CRS014,8,6,4.35,72.38,8,Completed,1.0,0.75,High
STU00207,CRS006,7,7,6.69,53.71,8,Active,0.875,1.0,High
STU00214,CRS006,4,0,6.63,37.0,8,Active,0.5,0.0,Low
STU00214,CRS011,8,5,4.2,45.0,8,Completed,1.0,0.625,Medium
STU00219,CRS003,4,2,4.26,34.5,8,Active,0.5,0.5,Medium
STU00220,CRS017,8,3,4.22,51.5,8,Completed,1.0,0.375,Low
STU00223,CRS017,7,5,3.32,57.71,8,Active,0.875,0.7142857142857143,High
STU00226,CRS018,8,5,4.21,42.25,8,Completed,1.0,0.625,Medium
STU00226,CRS010,4,2,4.28,43.75,8,Dropped,0.5,0.5,Medium
STU00227,CRS012,6,4,8.58,50.83,8,Active,0.75,0.6666666666666666,Medium
STU00228,CRS012,8,6,5.98,71.5,8,Completed,1.0,0.75,High
STU00232,CRS015,7,3,6.4,37.71,8,Active,0.875,0.42857142857142855,Low
STU00238,CRS009,2,1,4.18,24.0,8,Dropped,0.25,0.5,Medium
STU00248,CRS013,8,4,5.78,60.38,8,Active,1.0,0.5,Medium
STU00249,CRS017,8,6,4.81,46.25,8,Completed,1.0,0.75,High
STU00249,CRS016,8,1,5.02,54.63,8,Completed,1.0,0.125,Low
STU00262,CRS009,3,0,5.89,62.0,8,Dropped,0.375,0.0,Low
STU00265,CRS015,8,5,5.66,58.75,8,Completed,1.0,0.625,Medium
STU00268,CRS019,8,3,4.47,56.25,8,Completed,1.0,0.375,Low
STU00272,CRS013,3,0,2.15,69.33,8,Dropped,0.375,0.0,Low
STU00273,CRS010,4,1,3.57,59.75,8,Active,0.5,0.25,Low
STU00275,CRS005,3,2,8.95,75.33,8,Active,0.375,0.6666666666666666,Medium
STU00278,CRS019,3,1,4.12,57.0,8,Active,0.375,0.3333333333333333,Low
STU00280,CRS005,5,3,5.5,41.6,8,Active,0.625,0.6,Medium
STU00280,CRS015,7,7,5.84,59.86,8,Active,0.875,1.0,High
STU00284,CRS001,8,5,7.17,64.13,8,Completed,1.0,0.625,Medium
STU00285,CRS008,2,1,6.84,69.0,8,Dropped,0.25,0.5,Medium
STU00291,CRS019,8,4,3.43,61.13,8,Completed,1.0,0.5,Medium
STU00297,CRS015,8,4,4.13,62.13,8,Completed,1.0,0.5,Medium
STU00302,CRS008,2,1,6.91,35.0,8,Dropped,0.25,0.5,Medium
STU00311,CRS013,8,4,4.99,52.5,8,Completed,1.0,0.5,Medium
STU00313,CRS010,8,6,3.14,36.5,8,Completed,1.0,0.75,High
STU00314,CRS012,1,1,4.43,17.0,8,Active,0.125,1.0,Low
STU00314,CRS009,5,5,4.85,55.6,8,Dropped,0.625,1.0,High
STU00315,CRS016,7,3,6.05,52.57,8,Active,0.875,0.42857142857142855,Low
STU00318,CRS020,2,1,11.5,53.0,8,Dropped,0.25,0.5,Medium
STU00321,CRS013,6,2,6.3,56.5,8,Active,0.75,0.3333333333333333,Low
STU00322,CRS006,2,2,7.46,67.0,8,Active,0.25,1.0,High
STU00323,CRS014,5,4,6.51,34.6,8,Active,0.625,0.8,High
STU00325,CRS018,1,0,9.51,5.0,8,Dropped,0.125,0.0,Low
STU00328,CRS015,4,2,5.91,54.0,8,Active,0.5,0.5,Medium
STU00330,CRS006,8,6,5.38,63.25,8,Completed,1.0,0.75,High
STU00340,CRS018,5,3,2.99,38.0,8,Active,0.625,0.6,Medium
STU00341,CRS006,1,1,6.57,5.0,8,Dropped,0.125,1.0,Low
STU00341,CRS014,8,5,4.77,43.75,8,Active,1.0,0.625,Medium
STU00345,CRS008,7,5,4.2,60.43,8,Active,0.875,0.7142857142857143,High
STU00348,CRS004,5,2,5.55,24.2,8,Active,0.625,0.4,Low
STU00350,CRS004,5,1,8.05,57.6,8,Active,0.625,0.2,Low
STU00352,CRS015,7,3,4.02,41.0,8,Active,0.875,0.42857142857142855,Low
STU00354,CRS013,6,5,4.26,51.17,8,Active,0.75,0.8333333333333334,High
STU00355,CRS007,6,2,4.95,66.5,8,Dropped,0.75,0.3333333333333333,Low
STU00358,CRS008,8,7,5.78,35.88,8,Completed,1.0,0.875,High
STU00364,CRS001,8,3,5.48,65.13,8,Completed,1.0,0.375,Low
STU00365,CRS016,8,4,3.97,66.88,8,Completed,1.0,0.5,Medium
STU00377,CRS007,6,4,3.18,40.67,8,Active,0.75,0.6666666666666666,Medium
STU00382,CRS015,2,1,6.26,59.5,8,Dropped,0.25,0.5,Medium
STU00384,CRS018,8,4,5.2,39.75,8,Completed,1.0,0.5,Medium
STU00385,CRS012,7,3,8.62,27.71,8,Active,0.875,0.42857142857142855,Low
STU00396,CRS019,4,2,3.42,34.25,8,Active,0.5,0.5,Medium
STU00399,CRS005,8,4,5.31,30.13,8,Completed,1.0,0.5,Medium
STU00404,CRS001,8,6,6.76,60.5,8,Completed,1.0,0.75,High
STU00404,CRS009,2,2,3.72,28.0,8,Active,0.25,1.0,High
STU00408,CRS011,8,6,4.99,48.75,8,Completed,1.0,0.75,High
STU00408,CRS016,6,4,3.59,26.83,8,Active,0.75,0.6666666666666666,Medium
STU00409,CRS008,8,7,6.86,52.88,8,Active,1.0,0.875,High
STU00410,CRS018,5,1,5.69,28.6,8,Dropped,0.625,0.2,Low
STU00410,CRS008,4,4,6.33,63.25,8,Active,0.5,1.0,High
STU00413,CRS005,6,3,7.88,55.83,8,Active,0.75,0.5,Medium
STU00417,CRS006,6,4,5.36,61.0,8,Active,0.75,0.6666666666666666,Medium
STU00417,CRS020,3,2,4.73,68.67,8,Dropped,0.375,0.6666666666666666,Medium
STU00418,CRS008,2,2,6.51,63.0,8,Active,0.25,1.0,High
STU00419,CRS016,8,4,4.89,38.63,8,Completed,1.0,0.5,Medium
STU00423,CRS010,8,2,3.74,44.0,8,Completed,1.0,0.25,Low
STU00423,CRS006,8,7,7.2,46.0,8,Completed,1.0,0.875,High
STU00424,CRS020,8,7,6.48,52.25,8,Completed,1.0,0.875,High
STU00427,CRS003,8,6,6.45,54.0,8,Completed,1.0,0.75,High
STU00429,CRS013,7,5,4.62,50.29,8,Active,0.875,0.7142857142857143,High
STU00430,CRS019,5,3,4.34,52.2,8,Dropped,0.625,0.6,Medium
STU00433,CRS020,5,4,4.94,55.6,8,Dropped,0.625,0.8,High
STU00439,CRS005,8,2,5.24,48.25,8,Completed,1.0,0.25,Low
STU00442,CRS016,6,4,3.67,35.67,8,Active,0.75,0.6666666666666666,Medium
STU00446,CRS009,6,4,2.84,51.33,8,Active,0.75,0.6666666666666666,Medium
STU00452,CRS020,4,3,6.49,40.5,8,Active,0.5,0.75,High
STU00455,CRS015,8,6,2.37,42.63,8,Completed,1.0,0.75,High
STU00458,CRS001,1,1,8.12,10.0,8,Dropped,0.125,1.0,Low
STU00465,CRS019,4,2,4.53,53.0,8,Dropped,0.5,0.5,Medium
STU00466,CRS003,4,3,5.4,39.5,8,Active,0.5,0.75,High
STU00469,CRS012,8,6,6.09,53.88,8,Completed,1.0,0.75,High
STU00472,CRS020,4,2,4.23,60.0,8,Active,0.5,0.5,Medium
STU00476,CRS010,8,2,3.05,62.25,8,Completed,1.0,0.25,Low
STU00476,CRS013,6,1,5.1,59.17,8,Active,0.75,0.16666666666666666,Low
STU00480,CRS001,4,2,8.08,49.75,8,Active,0.5,0.5,Medium
STU00484,CRS020,8,6,4.83,50.13,8,Completed,1.0,0.75,High
STU00484,CRS014,7,5,5.89,31.0,8,Dropped,0.875,0.7142857142857143,High
STU00490,CRS019,8,5,3.73,52.5,8,Completed,1.0,0.625,Medium
STU00490,CRS011,8,4,7.01,62.0,8,Completed,1.0,0.5,Medium
STU00492,CRS002,3,1,5.36,70.33,8,Active,0.375,0.3333333333333333,Low
STU00494,CRS009,4,1,4.19,37.25,8,Active,0.5,0.25,Low
STU00496,CRS009,4,3,4.96,55.5,8,Active,0.5,0.75,High
STU00426,CRS007,8,6,3.82,60.5,8,Completed,1.0,0.75,High
STU00009,CRS016,2,2,6.95,45.5,8,Active,0.25,1.0,High
STU00009,CRS001,6,1,5.68,79.33,8,Active,0.75,0.16666666666666666,Low
STU00016,CRS009,8,6,5.94,61.75,8,Completed,1.0,0.75,High
STU00026,CRS010,8,5,3.56,57.5,8,Completed,1.0,0.625,Medium
STU00038,CRS001,2,0,7.0,11.0,8,Dropped,0.25,0.0,Low
STU00038,CRS010,8,4,5.35,35.13,8,Completed,1.0,0.5,Medium
STU00042,CRS014,8,6,6.84,51.38,8,Completed,1.0,0.75,High
STU00048,CRS011,8,3,5.39,47.0,8,Completed,1.0,0.375,Low
STU00053,CRS011,8,4,4.08,83.0,8,Completed,1.0,0.5,Medium
STU00055,CRS020,8,4,8.38,66.38,8,Completed,1.0,0.5,Medium
STU00058,CRS014,8,5,5.16,45.75,8,Completed,1.0,0.625,Medium
STU00059,CRS012,8,7,5.78,64.88,8,Active,1.0,0.875,High
STU00061,CRS002,8,5,5.37,66.88,8,Completed,1.0,0.625,Medium
STU00067,CRS011,5,3,5.39,59.2,8,Active,0.625,0.6,Medium
STU00069,CRS016,8,3,3.93,60.25,8,Completed,1.0,0.375,Low
STU00070,CRS015,8,7,5.6,26.88,8,Completed,1.0,0.875,High
STU00076,CRS010,2,2,1.67,62.0,8,Dropped,0.25,1.0,Medium
STU00082,CRS013,8,4,5.29,51.25,8,Completed,1.0,0.5,Medium
STU00083,CRS012,8,6,6.04,43.13,8,Completed,1.0,0.75,High
STU00086,CRS005,5,3,5.23,36.6,8,Active,0.625,0.6,Medium
STU00087,CRS020,8,5,5.37,46.13,8,Completed,1.0,0.625,Medium
STU00087,CRS010,8,6,4.54,65.5,8,Completed,1.0,0.75,High
STU00091,CRS018,2,1,4.64,41.0,8,Active,0.25,0.5,Medium
STU00092,CRS011,8,6,6.52,43.88,8,Completed,1.0,0.75,High
STU00093,CRS008,3,2,6.04,51.0,8,Dropped,0.375,0.6666666666666666,Medium
STU00095,CRS016,8,3,2.77,62.38,8,Completed,1.0,0.375,Low
STU00099,CRS006,7,4,5.69,47.29,8,Active,0.875,0.5714285714285714,Medium
STU00100,CRS017,6,4,5.85,60.67,8,Active,0.75,0.6666666666666666,Medium
STU00102,CRS008,4,3,6.99,43.5,8,Dropped,0.5,0.75,High
STU00105,CRS002,8,2,5.72,38.88,8,Completed,1.0,0.25,Low
STU00107,CRS008,3,1,5.77,81.0,8,Dropped,0.375,0.3333333333333333,Low
STU00117,CRS004,3,2,8.98,57.33,8,Dropped,0.375,0.6666666666666666,Medium
STU00118,CRS002,8,4,6.41,65.63,8,Completed,1.0,0.5,Medium
STU00121,CRS012,5,3,6.59,29.6,8,Active,0.625,0.6,Medium
STU00121,CRS019,8,5,5.83,42.75,8,Completed,1.0,0.625,Medium
STU00125,CRS005,8,7,4.49,27.63,8,Completed,1.0,0.875,High
STU00125,CRS002,8,4,5.06,45.75,8,Completed,1.0,0.5,Medium
STU00134,CRS005,3,1,7.81,40.33,8,Active,0.375,0.3333333333333333,Low
STU00135,CRS011,6,4,6.55,25.5,8,Active,0.75,0.6666666666666666,Medium
STU00138,CRS019,8,4,3.42,60.63,8,Active,1.0,0.5,Medium
STU00149,CRS010,8,6,4.52,43.13,8,Completed,1.0,0.75,High
STU00149,CRS004,6,3,5.9,58.17,8,Active,0.75,0.5,Medium
STU00150,CRS016,8,5,5.99,35.25,8,Completed,1.0,0.625,Medium
STU00152,CRS013,8,4,3.38,14.63,8,Completed,1.0,0.5,Medium
STU00162,CRS018,8,5,6.56,52.25,8,Completed,1.0,0.625,Medium
STU00163,CRS004,8,4,6.77,51.25,8,Completed,1.0,0.5,Medium
STU00171,CRS012,4,3,6.9,52.5,8,Active,0.5,0.75,High
STU00175,CRS019,5,3,1.25,42.2,8,Active,0.625,0.6,Medium
STU00177,CRS008,4,3,3.81,21.25,8,Active,0.5,0.75,High
STU00179,CRS001,8,3,4.76,56.75,8,Completed,1.0,0.375,Low
STU00184,CRS017,1,0,3.25,57.0,8,Dropped,0.125,0.0,Low
STU00185,CRS013,2,0,3.34,75.5,8,Dropped,0.25,0.0,Low
STU00185,CRS011,3,3,3.8,54.0,8,Active,0.375,1.0,High
STU00185,CRS001,7,4,8.75,45.86,8,Active,0.875,0.5714285714285714,Medium
STU00186,CRS008,5,4,5.89,47.8,8,Dropped,0.625,0.8,High
STU00186,CRS012,3,3,7.78,14.33,8,Active,0.375,1.0,High
STU00188,CRS018,8,5,5.9,34.88,8,Completed,1.0,0.625,Medium
STU00190,CRS016,7,2,4.67,62.86,8,Active,0.875,0.2857142857142857,Low
STU00191,CRS002,6,5,7.51,43.67,8,Active,0.75,0.8333333333333334,High
STU00192,CRS011,4,3,7.22,32.75,8,Active,0.5,0.75,High
STU00194,CRS019,7,5,3.18,45.0,8,Active,0.875,0.7142857142857143,High
STU00198,CRS011,3,2,4.64,58.67,8,Active,0.375,0.6666666666666666,Medium
STU00206,CRS009,3,2,4.22,41.0,8,Active,0.375,0.6666666666666666,Medium
STU00215,CRS003,8,4,4.5,66.75,8,Completed,1.0,0.5,Medium
STU00216,CRS014,8,5,5.1,29.75,8,Completed,1.0,0.625,Medium
STU00217,CRS019,8,6,4.9,54.13,8,Completed,1.0,0.75,High
STU00217,CRS016,8,4,3.79,62.13,8,Completed,1.0,0.5,Medium
STU00221,CRS004,8,4,5.82,65.13,8,Completed,1.0,0.5,Medium
STU00221,CRS008,2,1,7.67,71.0,8,Dropped,0.25,0.5,Medium
STU00223,CRS002,8,1,6.64,45.63,8,Completed,1.0,0.125,Low
STU00223,CRS008,1,0,1.6,10.0,8,Dropped,0.125,0.0,Low
STU00224,CRS015,8,6,5.82,59.0,8,Completed,1.0,0.75,High
STU00226,CRS001,8,5,5.91,59.0,8,Completed,1.0,0.625,Medium
STU00230,CRS018,1,1,3.81,39.0,8,Dropped,0.125,1.0,Low
STU00233,CRS006,8,6,2.97,40.5,8,Completed,1.0,0.75,High
STU00236,CRS005,8,4,5.08,50.88,8,Completed,1.0,0.5,Medium
STU00237,CRS018,8,3,5.06,44.0,8,Completed,1.0,0.375,Low
STU00237,CRS010,5,1,3.56,49.2,8,Active,0.625,0.2,Low
STU00242,CRS014,6,6,3.03,45.17,8,Active,0.75,1.0,High
STU00242,CRS002,8,5,9.67,47.75,8,Completed,1.0,0.625,Medium
STU00243,CRS012,5,2,7.75,77.4,8,Dropped,0.625,0.4,Low
STU00245,CRS013,2,2,4.07,54.5,8,Active,0.25,1.0,High
STU00249,CRS018,3,0,8.7,33.33,8,Dropped,0.375,0.0,Low
STU00249,CRS004,8,5,6.21,56.5,8,Completed,1.0,0.625,Medium
STU00250,CRS011,5,1,8.35,53.4,8,Active,0.625,0.2,Low
STU00257,CRS001,8,5,7.37,60.25,8,Completed,1.0,0.625,Medium
STU00260,CRS001,8,6,5.38,52.63,8,Completed,1.0,0.75,High
STU00261,CRS003,1,1,3.11,19.0,8,Dropped,0.125,1.0,Low
STU00261,CRS010,2,2,1.83,22.0,8,Dropped,0.25,1.0,Medium
STU00261,CRS007,6,3,3.67,58.17,8,Active,0.75,0.5,Medium
STU00262,CRS007,1,0,4.41,72.0,8,Dropped,0.125,0.0,Low
STU00264,CRS004,8,4,5.98,55.25,8,Active,1.0,0.5,Medium
STU00272,CRS001,8,4,6.08,52.75,8,Completed,1.0,0.5,Medium
STU00273,CRS013,5,2,5.53,39.2,8,Active,0.625,0.4,Low
STU00276,CRS002,3,2,7.96,64.0,8,Active,0.375,0.6666666666666666,Medium
STU00279,CRS009,3,3,2.81,45.33,8,Dropped,0.375,1.0,High
STU00280,CRS001,5,4,6.57,52.8,8,Active,0.625,0.8,High
STU00283,CRS019,2,2,2.49,76.0,8,Dropped,0.25,1.0,High
STU00287,CRS004,4,1,5.54,24.75,8,Active,0.5,0.25,Low
STU00290,CRS001,4,2,7.61,53.5,8,Active,0.5,0.5,Medium
STU00290,CRS014,8,4,6.92,53.5,8,Completed,1.0,0.5,Medium
STU00294,CRS001,6,6,4.75,54.17,8,Active,0.75,1.0,High
STU00296,CRS016,8,5,2.19,55.63,8,Active,1.0,0.625,Medium
STU00299,CRS014,8,1,5.76,42.0,8,Active,1.0,0.125,Low
STU00300,CRS003,5,4,5.21,44.2,8,Dropped,0.625,0.8,High
STU00301,CRS002,8,7,7.86,39.5,8,Completed,1.0,0.875,High
STU00302,CRS007,8,6,3.68,27.88,8,Completed,1.0,0.75,High
STU00304,CRS020,8,6,5.18,55.75,8,Completed,1.0,0.75,High
STU00307,CRS017,8,8,4.88,65.75,8,Completed,1.0,1.0,High
STU00307,CRS018,4,3,4.31,31.25,8,Active,0.5,0.75,High
STU00314,CRS007,8,5,4.85,45.25,8,Completed,1.0,0.625,Medium
STU00316,CRS008,2,1,3.65,81.5,8,Dropped,0.25,0.5,Medium
STU00319,CRS017,8,4,2.37,40.0,8,Completed,1.0,0.5,Medium
STU00323,CRS016,8,5,4.07,32.38,8,Completed,1.0,0.625,Medium
STU00324,CRS015,8,5,5.18,37.63,8,Completed,1.0,0.625,Medium
STU00330,CRS011,8,4,5.33,62.5,8,Completed,1.0,0.5,Medium
STU00333,CRS017,5,3,4.37,63.0,8,Active,0.625,0.6,Medium
STU00334,CRS009,4,4,3.36,65.25,8,Active,0.5,1.0,High
STU00336,CRS001,4,1,4.57,41.5,8,Active,0.5,0.25,Low
STU00344,CRS018,3,2,7.12,41.33,8,Active,0.375,0.6666666666666666,Medium
STU00350,CRS001,6,2,6.4,66.17,8,Active,0.75,0.3333333333333333,Low
STU00352,CRS002,8,5,8.11,68.88,8,Completed,1.0,0.625,Medium
STU00354,CRS008,8,3,6.41,40.88,8,Completed,1.0,0.375,Low
STU00357,CRS007,8,5,3.33,39.13,8,Completed,1.0,0.625,Medium
STU00364,CRS015,4,1,7.27,29.25,8,Active,0.5,0.25,Low
STU00365,CRS007,3,1,3.68,39.33,8,Active,0.375,0.3333333333333333,Low
STU00366,CRS018,8,5,7.04,50.5,8,Completed,1.0,0.625,Medium
STU00369,CRS020,5,1,7.46,72.6,8,Active,0.625,0.2,Low
STU00374,CRS017,8,3,4.83,45.5,8,Completed,1.0,0.375,Low
STU00374,CRS009,7,3,3.51,39.29,8,Active,0.875,0.42857142857142855,Low
STU00375,CRS003,8,4,5.45,47.13,8,Completed,1.0,0.5,Medium
STU00376,CRS014,3,1,6.52,36.67,8,Active,0.375,0.3333333333333333,Low
STU00384,CRS020,3,2,8.02,45.33,8,Active,0.375,0.6666666666666666,Medium
STU00385,CRS019,7,2,3.74,51.86,8,Active,0.875,0.2857142857142857,Low
STU00390,CRS018,3,1,3.52,59.0,8,Active,0.375,0.3333333333333333,Low
STU00391,CRS015,3,2,7.35,42.67,8,Active,0.375,0.6666666666666666,Medium
STU00394,CRS013,8,4,3.21,50.13,8,Completed,1.0,0.5,Medium
STU00411,CRS008,8,6,5.11,59.88,8,Completed,1.0,0.75,High
STU00415,CRS010,8,5,3.99,41.5,8,Completed,1.0,0.625,Medium
STU00420,CRS011,8,4,5.54,45.88,8,Completed,1.0,0.5,Medium
STU00421,CRS013,8,4,4.98,55.25,8,Completed,1.0,0.5,Medium
STU00432,CRS015,3,2,2.86,34.0,8,Dropped,0.375,0.6666666666666666,Medium
STU00438,CRS003,5,4,6.68,56.4,8,Active,0.625,0.8,High
STU00439,CRS009,8,6,5.21,41.38,8,Completed,1.0,0.75,High
STU00442,CRS006,6,4,6.94,37.0,8,Active,0.75,0.6666666666666666,Medium
STU00445,CRS014,8,6,5.41,64.88,8,Completed,1.0,0.75,High
STU00448,CRS006,8,1,5.18,59.0,8,Completed,1.0,0.125,Low
STU00448,CRS007,8,5,3.12,66.88,8,Completed,1.0,0.625,Medium
STU00451,CRS003,6,3,4.05,66.83,8,Active,0.75,0.5,Medium
STU00452,CRS013,8,6,5.8,34.25,8,Completed,1.0,0.75,High
STU00456,CRS005,8,4,5.47,53.25,8,Completed,1.0,0.5,Medium
STU00456,CRS010,2,1,5.38,57.0,8,Dropped,0.25,0.5,Medium
STU00460,CRS007,2,1,2.27,19.5,8,Active,0.25,0.5,Medium
STU00462,CRS018,8,5,4.57,56.75,8,Completed,1.0,0.625,Medium
STU00465,CRS006,1,1,5.74,98.0,8,Active,0.125,1.0,Low
STU00467,CRS005,3,1,4.25,46.33,8,Dropped,0.375,0.3333333333333333,Low
STU00470,CRS015,6,4,4.44,34.67,8,Active,0.75,0.6666666666666666,Medium
STU00472,CRS008,8,5,8.07,41.25,8,Completed,1.0,0.625,Medium
STU00473,CRS020,7,2,5.19,48.86,8,Active,0.875,0.2857142857142857,Low
STU00480,CRS004,6,4,4.81,39.17,8,Active,0.75,0.6666666666666666,Medium
STU00481,CRS019,1,0,5.17,0.0,8,Active,0.125,0.0,Low
STU00484,CRS005,1,0,4.26,82.0,8,Dropped,0.125,0.0,Low
STU00487,CRS002,8,6,6.06,60.5,8,Completed,1.0,0.75,High
STU00492,CRS019,8,2,2.53,53.0,8,Completed,1.0,0.25,Low
STU00493,CRS003,7,4,5.59,67.57,8,Active,0.875,0.5714285714285714,Medium
STU00499,CRS007,8,2,3.52,33.75,8,Completed,1.0,0.25,Low
STU00500,CRS008,5,1,4.8,48.4,8,Active,0.625,0.2,Low
STU00146,CRS002,4,1,3.87,20.25,8,Active,0.5,0.25,Low
STU00233,CRS005,3,1,4.58,54.33,8,Dropped,0.375,0.3333333333333333,Low
STU00236,CRS011,5,3,6.29,40.0,8,Dropped,0.625,0.6,Medium
STU00258,CRS003,8,4,4.48,40.5,8,Completed,1.0,0.5,Medium
STU00258,CRS017,8,4,6.07,52.13,8,Active,1.0,0.5,Medium
STU00381,CRS007,7,3,4.4,59.0,8,Active,0.875,0.42857142857142855,Low
STU00499,CRS006,8,5,5.98,45.25,8,Completed,1.0,0.625,Medium
STU00003,CRS010,6,4,3.71,34.67,8,Active,0.75,0.6666666666666666,Medium
STU00006,CRS017,8,6,4.82,48.88,8,Active,1.0,0.75,High
STU00011,CRS013,3,2,4.35,46.67,8,Dropped,0.375,0.6666666666666666,Medium
STU00012,CRS010,8,5,4.73,43.63,8,Completed,1.0,0.625,Medium
STU00019,CRS005,4,3,4.26,60.0,8,Active,0.5,0.75,High
STU00019,CRS012,7,5,8.05,65.14,8,Active,0.875,0.7142857142857143,High
STU00020,CRS001,8,4,6.81,61.13,8,Completed,1.0,0.5,Medium
STU00033,CRS013,7,4,3.69,55.57,8,Active,0.875,0.5714285714285714,Medium
STU00034,CRS013,2,1,9.32,85.0,8,Dropped,0.25,0.5,Medium
STU00034,CRS011,2,0,5.3,59.5,8,Dropped,0.25,0.0,Low
STU00036,CRS008,8,5,5.94,33.0,8,Completed,1.0,0.625,Medium
STU00037,CRS004,8,6,3.87,55.5,8,Completed,1.0,0.75,High
STU00042,CRS002,5,4,5.44,58.4,8,Active,0.625,0.8,High
STU00042,CRS013,8,6,2.18,60.25,8,Active,1.0,0.75,High
STU00042,CRS011,8,5,5.41,36.25,8,Completed,1.0,0.625,Medium
STU00043,CRS015,8,4,5.24,43.0,8,Completed,1.0,0.5,Medium
STU00050,CRS014,7,3,3.09,50.0,8,Active,0.875,0.42857142857142855,Low
STU00051,CRS014,3,2,11.11,61.33,8,Active,0.375,0.6666666666666666,Medium
STU00054,CRS004,7,3,6.36,41.57,8,Active,0.875,0.42857142857142855,Low
STU00054,CRS012,8,5,5.19,30.25,8,Completed,1.0,0.625,Medium
STU00055,CRS019,6,3,4.02,37.83,8,Active,0.75,0.5,Medium
STU00058,CRS006,8,4,5.91,63.63,8,Completed,1.0,0.5,Medium
STU00060,CRS015,8,5,6.45,48.25,8,Completed,1.0,0.625,Medium
STU00061,CRS009,5,3,4.57,34.4,8,Active,0.625,0.6,Medium
STU00065,CRS008,2,1,4.34,31.0,8,Active,0.25,0.5,Medium
STU00068,CRS005,7,4,3.19,38.57,8,Active,0.875,0.5714285714285714,Medium
STU00068,CRS009,8,5,4.44,55.5,8,Completed,1.0,0.625,Medium
STU00070,CRS018,1,0,1.16,48.0,8,Dropped,0.125,0.0,Low
STU00071,CRS011,8,3,3.94,65.13,8,Completed,1.0,0.375,Low
STU00071,CRS003,3,1,6.04,27.0,8,Active,0.375,0.3333333333333333,Low
STU00073,CRS007,2,1,5.05,46.5,8,Dropped,0.25,0.5,Medium
STU00073,CRS016,7,2,4.33,59.57,8,Active,0.875,0.2857142857142857,Low
STU00075,CRS020,3,2,5.81,40.33,8,Dropped,0.375,0.6666666666666666,Medium
STU00076,CRS005,7,3,3.45,42.86,8,Active,0.875,0.42857142857142855,Low
STU00081,CRS003,2,1,3.34,62.5,8,Active,0.25,0.5,Medium
STU00082,CRS020,8,6,7.24,36.5,8,Active,1.0,0.75,High
STU00083,CRS006,3,1,11.39,65.0,8,Active,0.375,0.3333333333333333,Low
STU00086,CRS011,8,2,7.07,47.88,8,Completed,1.0,0.25,Low
STU00089,CRS017,5,2,5.08,59.4,8,Dropped,0.625,0.4,Low
STU00089,CRS001,8,4,6.39,50.88,8,Completed,1.0,0.5,Medium
STU00089,CRS011,8,5,5.92,57.63,8,Completed,1.0,0.625,Medium
STU00090,CRS003,6,4,4.18,54.33,8,Active,0.75,0.6666666666666666,Medium
STU00102,CRS011,7,3,7.71,41.0,8,Active,0.875,0.42857142857142855,Low
STU00103,CRS017,8,7,5.38,39.13,8,Completed,1.0,0.875,High
STU00111,CRS003,3,3,2.4,77.0,8,Active,0.375,1.0,High
STU00113,CRS010,5,2,4.4,54.6,8,Active,0.625,0.4,Low
STU00116,CRS014,8,4,3.8,29.38,8,Active,1.0,0.5,Medium
STU00117,CRS006,8,4,6.39,49.13,8,Completed,1.0,0.5,Medium
STU00118,CRS003,4,3,4.86,46.75,8,Active,0.5,0.75,High
STU00119,CRS013,8,5,4.22,56.5,8,Completed,1.0,0.625,Medium
STU00122,CRS003,7,3,6.16,45.29,8,Active,0.875,0.42857142857142855,Low
STU00124,CRS013,8,3,4.54,52.63,8,Completed,1.0,0.375,Low
STU00128,CRS011,3,2,4.31,87.33,8,Dropped,0.375,0.6666666666666666,Medium
STU00129,CRS002,7,5,6.03,49.71,8,Active,0.875,0.7142857142857143,High
STU00132,CRS019,8,3,5.39,49.0,8,Completed,1.0,0.375,Low
STU00133,CRS012,5,4,5.85,43.2,8,Dropped,0.625,0.8,High
STU00139,CRS006,5,3,4.76,44.2,8,Active,0.625,0.6,Medium
STU00145,CRS016,2,1,4.7,76.0,8,Dropped,0.25,0.5,Medium
STU00146,CRS003,6,2,4.58,49.17,8,Active,0.75,0.3333333333333333,Low
STU00147,CRS018,3,3,8.51,81.33,8,Dropped,0.375,1.0,High
STU00150,CRS007,5,4,3.98,59.6,8,Dropped,0.625,0.8,High
STU00152,CRS012,8,6,7.66,56.88,8,Active,1.0,0.75,High
STU00153,CRS015,2,1,11.77,42.5,8,Active,0.25,0.5,Medium
STU00153,CRS020,5,3,4.84,52.2,8,Active,0.625,0.6,Medium
STU00154,CRS003,8,5,5.5,24.63,8,Completed,1.0,0.625,Medium
STU00156,CRS016,5,4,3.49,57.0,8,Active,0.625,0.8,High
STU00158,CRS019,2,1,1.17,53.5,8,Dropped,0.25,0.5,Medium
STU00158,CRS015,3,2,6.74,75.67,8,Active,0.375,0.6666666666666666,Medium
STU00165,CRS013,8,4,3.52,59.88,8,Completed,1.0,0.5,Medium
STU00168,CRS020,1,0,8.68,5.0,8,Dropped,0.125,0.0,Low
STU00169,CRS010,8,3,4.36,32.0,8,Completed,1.0,0.375,Low
STU00170,CRS003,2,1,4.8,45.0,8,Dropped,0.25,0.5,Medium
STU00172,CRS007,3,2,1.8,34.33,8,Dropped,0.375,0.6666666666666666,Medium
STU00175,CRS020,8,6,5.73,35.88,8,Completed,1.0,0.75,High
STU00176,CRS002,5,2,8.66,49.8,8,Dropped,0.625,0.4,Low
STU00180,CRS013,5,3,4.89,23.6,8,Active,0.625,0.6,Medium
STU00181,CRS013,4,2,2.69,53.0,8,Dropped,0.5,0.5,Medium
STU00182,CRS010,8,4,3.91,58.75,8,Completed,1.0,0.5,Medium
STU00182,CRS019,6,6,3.14,65.83,8,Active,0.75,1.0,High
STU00189,CRS011,7,7,5.13,54.57,8,Active,0.875,1.0,High
STU00190,CRS002,2,2,3.36,62.0,8,Dropped,0.25,1.0,High
STU00194,CRS016,4,3,5.33,36.0,8,Active,0.5,0.75,High
STU00196,CRS004,6,5,3.8,39.67,8,Active,0.75,0.8333333333333334,High
STU00199,CRS013,4,3,6.31,35.5,8,Dropped,0.5,0.75,High
STU00202,CRS019,5,4,2.58,49.2,8,Active,0.625,0.8,High
STU00206,CRS004,8,6,4.85,51.63,8,Completed,1.0,0.75,High
STU00207,CRS012,8,2,6.85,41.5,8,Completed,1.0,0.25,Low
STU00207,CRS010,2,1,3.61,56.5,8,Dropped,0.25,0.5,Medium
STU00212,CRS010,7,5,5.13,63.0,8,Active,0.875,0.7142857142857143,High
STU00215,CRS006,8,4,7.05,64.38,8,Completed,1.0,0.5,Medium
STU00217,CRS015,8,2,3.91,61.75,8,Completed,1.0,0.25,Low
STU00220,CRS001,1,0,11.86,46.0,8,Dropped,0.125,0.0,Low
STU00221,CRS014,3,3,5.54,57.67,8,Active,0.375,1.0,High
STU00221,CRS016,8,5,3.32,54.88,8,Completed,1.0,0.625,Medium
STU00222,CRS006,7,6,6.11,56.29,8,Active,0.875,0.8571428571428571,High
STU00225,CRS015,4,2,5.79,32.0,8,Active,0.5,0.5,Medium
STU00225,CRS011,8,4,5.59,50.38,8,Completed,1.0,0.5,Medium
STU00227,CRS018,2,1,7.33,65.0,8,Active,0.25,0.5,Medium
STU00230,CRS009,1,1,8.97,57.0,8,Dropped,0.125,1.0,Low
STU00231,CRS011,8,6,3.67,53.63,8,Completed,1.0,0.75,High
STU00233,CRS016,7,3,4.58,59.57,8,Active,0.875,0.42857142857142855,Low
STU00235,CRS011,8,5,5.49,22.38,8,Active,1.0,0.625,Medium
STU00241,CRS017,8,6,4.14,33.25,8,Completed,1.0,0.75,High
STU00242,CRS011,8,3,6.08,46.5,8,Completed,1.0,0.375,Low
STU00243,CRS008,8,5,7.95,36.63,8,Completed,1.0,0.625,Medium
STU00247,CRS018,5,3,3.89,59.6,8,Active,0.625,0.6,Medium
STU00249,CRS001,8,6,6.3,59.63,8,Completed,1.0,0.75,High
STU00252,CRS017,8,6,4.63,46.88,8,Completed,1.0,0.75,High
STU00255,CRS003,8,3,3.77,58.0,8,Completed,1.0,0.375,Low
STU00259,CRS001,2,2,3.3,55.5,8,Active,0.25,1.0,High
STU00272,CRS007,8,5,5.08,53.5,8,Completed,1.0,0.625,Medium
STU00277,CRS013,8,5,4.47,46.0,8,Completed,1.0,0.625,Medium
STU00277,CRS002,8,4,5.75,23.5,8,Completed,1.0,0.5,Medium
STU00278,CRS009,8,4,5.62,27.0,8,Completed,1.0,0.5,Medium
STU00283,CRS017,2,2,4.26,42.0,8,Dropped,0.25,1.0,High
STU00284,CRS019,2,1,1.12,35.5,8,Active,0.25,0.5,Medium
STU00284,CRS010,8,4,4.21,30.0,8,Completed,1.0,0.5,Medium
STU00288,CRS005,8,5,3.92,59.0,8,Completed,1.0,0.625,Medium
STU00295,CRS009,8,3,4.94,48.25,8,Completed,1.0,0.375,Low
STU00300,CRS013,8,5,3.82,39.88,8,Completed,1.0,0.625,Medium
STU00301,CRS006,5,3,6.27,34.8,8,Active,0.625,0.6,Medium
STU00302,CRS017,8,6,5.95,43.38,8,Completed,1.0,0.75,High
STU00304,CRS013,8,5,4.52,50.5,8,Completed,1.0,0.625,Medium
STU00306,CRS019,8,5,4.17,39.75,8,Completed,1.0,0.625,Medium
STU00306,CRS012,3,1,9.73,74.33,8,Active,0.375,0.3333333333333333,Low
STU00307,CRS004,6,5,6.25,46.5,8,Active,0.75,0.8333333333333334,High
STU00308,CRS019,5,3,4.09,60.0,8,Dropped,0.625,0.6,Medium
STU00318,CRS001,4,1,5.65,64.0,8,Active,0.5,0.25,Low
STU00320,CRS002,8,5,5.2,54.88,8,Completed,1.0,0.625,Medium
STU00320,CRS012,8,6,6.54,61.75,8,Completed,1.0,0.75,High
STU00320,CRS006,8,3,6.22,57.13,8,Active,1.0,0.375,Low
STU00322,CRS009,8,3,5.75,56.88,8,Completed,1.0,0.375,Low
STU00327,CRS010,8,5,4.51,50.75,8,Completed,1.0,0.625,Medium
STU00329,CRS004,8,5,6.65,58.75,8,Completed,1.0,0.625,Medium
STU00330,CRS016,8,6,4.26,59.38,8,Completed,1.0,0.75,High
STU00335,CRS003,3,1,5.92,41.0,8,Dropped,0.375,0.3333333333333333,Low
STU00338,CRS010,8,5,4.93,47.38,8,Completed,1.0,0.625,Medium
STU00342,CRS009,3,2,5.19,48.33,8,Active,0.375,0.6666666666666666,Medium
STU00345,CRS018,4,3,9.43,61.0,8,Active,0.5,0.75,High
STU00347,CRS010,8,5,3.37,34.75,8,Completed,1.0,0.625,Medium
STU00350,CRS009,5,1,5.7,51.0,8,Active,0.625,0.2,Low
STU00351,CRS011,5,4,7.17,67.4,8,Active,0.625,0.8,High
STU00351,CRS014,8,5,4.1,33.25,8,Completed,1.0,0.625,Medium
STU00353,CRS018,2,2,2.53,72.5,8,Dropped,0.25,1.0,High
STU00354,CRS001,8,5,6.22,29.25,8,Completed,1.0,0.625,Medium
STU00355,CRS016,3,3,2.09,23.33,8,Active,0.375,1.0,High
STU00360,CRS019,8,5,2.93,42.0,8,Completed,1.0,0.625,Medium
STU00363,CRS004,5,1,7.87,31.0,8,Active,0.625,0.2,Low
STU00369,CRS010,8,5,3.44,59.5,8,Completed,1.0,0.625,Medium
STU00374,CRS016,4,3,2.98,53.25,8,Active,0.5,0.75,High
STU00376,CRS018,8,4,7.02,57.38,8,Completed,1.0,0.5,Medium
STU00377,CRS010,8,5,2.89,65.25,8,Completed,1.0,0.625,Medium
STU00380,CRS013,3,1,4.24,45.0,8,Dropped,0.375,0.3333333333333333,Low
STU00380,CRS006,1,1,4.96,99.0,8,Dropped,0.125,1.0,Low
STU00385,CRS005,8,4,4.47,49.0,8,Completed,1.0,0.5,Medium
STU00385,CRS009,1,1,7.41,85.0,8,Dropped,0.125,1.0,Low
STU00390,CRS013,8,5,3.84,41.63,8,Completed,1.0,0.625,Medium
STU00401,CRS016,8,4,4.14,39.88,8,Completed,1.0,0.5,Medium
STU00410,CRS009,8,3,3.82,38.25,8,Completed,1.0,0.375,Low
STU00411,CRS014,6,5,4.23,60.5,8,Active,0.75,0.8333333333333334,High
STU00412,CRS019,7,3,3.09,50.86,8,Active,0.875,0.42857142857142855,Low
STU00416,CRS009,7,5,4.21,58.43,8,Active,0.875,0.7142857142857143,High
STU00417,CRS012,8,2,7.36,47.25,8,Active,1.0,0.25,Low
STU00420,CRS013,8,7,3.21,37.88,8,Completed,1.0,0.875,High
STU00421,CRS017,5,3,5.79,52.0,8,Active,0.625,0.6,Medium
STU00425,CRS019,8,6,3.84,38.25,8,Active,1.0,0.75,High
STU00431,CRS010,8,6,4.6,66.0,8,Completed,1.0,0.75,High
STU00431,CRS019,6,5,4.59,53.67,8,Active,0.75,0.8333333333333334,High
STU00437,CRS003,8,3,4.64,45.38,8,Completed,1.0,0.375,Low
STU00438,CRS012,8,5,6.1,50.88,8,Completed,1.0,0.625,Medium
STU00441,CRS010,8,6,5.52,49.88,8,Completed,1.0,0.75,High
STU00441,CRS014,4,3,7.67,51.25,8,Dropped,0.5,0.75,High
STU00445,CRS011,7,3,5.66,58.43,8,Active,0.875,0.42857142857142855,Low
STU00446,CRS010,8,4,3.69,56.13,8,Completed,1.0,0.5,Medium
STU00447,CRS011,4,3,5.51,52.25,8,Active,0.5,0.75,High
STU00450,CRS011,8,5,4.42,65.63,8,Completed,1.0,0.625,Medium
STU00451,CRS012,4,1,3.68,49.75,8,Active,0.5,0.25,Low
STU00453,CRS016,3,3,4.0,41.33,8,Dropped,0.375,1.0,High
STU00454,CRS012,8,4,3.34,45.5,8,Completed,1.0,0.5,Medium
STU00456,CRS007,4,1,6.05,50.5,8,Active,0.5,0.25,Low
STU00458,CRS010,5,5,5.32,45.6,8,Active,0.625,1.0,High
STU00464,CRS005,5,2,3.13,48.4,8,Active,0.625,0.4,Low
STU00468,CRS016,8,6,4.79,48.63,8,Active,1.0,0.75,High
STU00472,CRS006,8,4,3.95,40.38,8,Completed,1.0,0.5,Medium
STU00474,CRS016,1,1,5.8,78.0,8,Active,0.125,1.0,Low
STU00478,CRS010,3,3,3.04,46.0,8,Active,0.375,1.0,High
STU00482,CRS018,1,0,2.1,76.0,8,Dropped,0.125,0.0,Low
STU00483,CRS018,2,1,8.84,67.0,8,Dropped,0.25,0.5,Medium
STU00485,CRS015,8,7,5.5,66.0,8,Active,1.0,0.875,High
STU00469,CRS005,7,3,4.79,58.29,8,Active,0.875,0.42857142857142855,Low
STU00498,CRS016,8,8,3.22,53.38,8,Completed,1.0,1.0,High
STU00002,CRS001,8,3,6.25,39.38,8,Completed,1.0,0.375,Low
STU00003,CRS007,7,3,4.31,65.14,8,Active,0.875,0.42857142857142855,Low
STU00005,CRS016,2,2,3.48,65.5,8,Dropped,0.25,1.0,High
STU00007,CRS002,8,6,5.99,37.88,8,Completed,1.0,0.75,High
STU00008,CRS020,8,5,5.49,43.75,8,Completed,1.0,0.625,Medium
STU00011,CRS012,3,2,4.02,15.67,8,Active,0.375,0.6666666666666666,Medium
STU00014,CRS001,8,4,5.95,43.75,8,Completed,1.0,0.5,Medium
STU00017,CRS005,8,4,3.94,56.13,8,Completed,1.0,0.5,Medium
STU00018,CRS010,1,1,6.46,80.0,8,Dropped,0.125,1.0,Low
STU00022,CRS003,8,5,3.97,65.13,8,Active,1.0,0.625,Medium
STU00025,CRS014,8,6,5.25,43.0,8,Completed,1.0,0.75,High
STU00029,CRS009,7,6,5.52,64.57,8,Active,0.875,0.8571428571428571,High
STU00047,CRS016,8,7,2.9,59.0,8,Completed,1.0,0.875,High
STU00051,CRS019,8,3,4.25,73.38,8,Completed,1.0,0.375,Low
STU00051,CRS013,8,6,4.91,44.5,8,Completed,1.0,0.75,High
STU00061,CRS008,8,7,5.44,30.5,8,Completed,1.0,0.875,High
STU00062,CRS017,8,5,4.52,37.13,8,Completed,1.0,0.625,Medium
STU00062,CRS004,1,1,4.02,17.0,8,Dropped,0.125,1.0,Low
STU00066,CRS014,3,2,5.75,68.0,8,Dropped,0.375,0.6666666666666666,Medium
STU00068,CRS002,6,2,8.51,51.83,8,Active,0.75,0.3333333333333333,Low
STU00074,CRS002,5,2,3.51,31.2,8,Dropped,0.625,0.4,Low
STU00074,CRS004,3,2,6.76,51.33,8,Dropped,0.375,0.6666666666666666,Medium
STU00077,CRS009,8,5,5.62,53.0,8,Completed,1.0,0.625,Medium
STU00081,CRS008,1,0,12.48,10.0,8,Active,0.125,0.0,Low
STU00084,CRS004,4,3,4.56,46.0,8,Active,0.5,0.75,High
STU00087,CRS007,7,4,5.23,63.29,8,Active,0.875,0.5714285714285714,Medium
STU00088,CRS013,8,4,3.61,61.88,8,Completed,1.0,0.5,Medium
STU00091,CRS010,4,3,4.04,56.75,8,Active,0.5,0.75,High
STU00094,CRS001,8,5,5.3,49.5,8,Completed,1.0,0.625,Medium
STU00106,CRS008,8,6,4.82,61.0,8,Completed,1.0,0.75,High
STU00111,CRS009,7,4,3.2,23.71,8,Active,0.875,0.5714285714285714,Medium
STU00112,CRS003,8,3,5.48,59.5,8,Completed,1.0,0.375,Low
STU00114,CRS015,3,1,7.49,30.67,8,Active,0.375,0.3333333333333333,Low
STU00115,CRS005,5,4,5.0,58.8,8,Active,0.625,0.8,High
STU00118,CRS011,6,4,3.83,44.0,8,Active,0.75,0.6666666666666666,Medium
STU00120,CRS015,8,5,5.27,61.0,8,Completed,1.0,0.625,Medium
STU00120,CRS005,4,2,4.91,44.75,8,Active,0.5,0.5,Medium
STU00122,CRS011,3,2,7.46,56.0,8,Dropped,0.375,0.6666666666666666,Medium
STU00127,CRS013,8,4,5.36,53.75,8,Completed,1.0,0.5,Medium
STU00128,CRS001,3,1,5.73,59.0,8,Active,0.375,0.3333333333333333,Low
STU00129,CRS016,8,5,5.47,49.63,8,Completed,1.0,0.625,Medium
STU00129,CRS017,3,1,3.72,57.0,8,Active,0.375,0.3333333333333333,Low
STU00138,CRS013,5,2,3.58,58.2,8,Active,0.625,0.4,Low
STU00140,CRS006,2,1,9.84,35.0,8,Dropped,0.25,0.5,Medium
STU00141,CRS011,8,5,5.49,44.38,8,Completed,1.0,0.625,Medium
STU00145,CRS006,5,5,7.55,49.0,8,Active,0.625,1.0,High
STU00146,CRS006,4,1,6.9,61.5,8,Active,0.5,0.25,Low
STU00147,CRS019,8,5,4.08,54.13,8,Completed,1.0,0.625,Medium
STU00151,CRS004,8,5,3.55,27.88,8,Completed,1.0,0.625,Medium
STU00151,CRS013,6,3,6.59,49.33,8,Active,0.75,0.5,Medium
STU00156,CRS010,7,4,4.09,36.86,8,Dropped,0.875,0.5714285714285714,Medium
STU00165,CRS014,8,4,6.33,59.88,8,Completed,1.0,0.5,Medium
STU00165,CRS009,8,4,4.72,42.38,8,Completed,1.0,0.5,Medium
STU00171,CRS017,8,6,7.0,60.75,8,Completed,1.0,0.75,High
STU00172,CRS019,2,2,2.22,40.0,8,Dropped,0.25,1.0,High
STU00172,CRS001,3,2,3.89,36.0,8,Active,0.375,0.6666666666666666,Medium
STU00172,CRS006,8,3,6.43,59.38,8,Completed,1.0,0.375,Low
STU00173,CRS012,6,4,4.91,46.33,8,Active,0.75,0.6666666666666666,Medium
STU00180,CRS009,3,2,5.28,31.67,8,Dropped,0.375,0.6666666666666666,Medium
STU00199,CRS007,4,3,4.27,8.75,8,Active,0.5,0.75,High
STU00199,CRS006,7,3,6.02,36.71,8,Active,0.875,0.42857142857142855,Low
STU00200,CRS019,4,2,5.57,55.0,8,Active,0.5,0.5,Medium
STU00201,CRS013,2,1,5.64,84.5,8,Dropped,0.25,0.5,Medium
STU00203,CRS014,8,5,6.26,63.88,8,Completed,1.0,0.625,Medium
STU00206,CRS017,8,4,4.8,43.38,8,Completed,1.0,0.5,Medium
STU00208,CRS001,8,5,5.44,63.5,8,Completed,1.0,0.625,Medium
STU00211,CRS010,3,2,3.77,34.0,8,Dropped,0.375,0.6666666666666666,Medium
STU00215,CRS009,6,3,6.6,43.33,8,Active,0.75,0.5,Medium
STU00217,CRS006,3,0,6.91,88.67,8,Dropped,0.375,0.0,Low
STU00222,CRS001,5,3,7.1,63.4,8,Dropped,0.625,0.6,Medium
STU00225,CRS003,8,4,5.43,50.25,8,Completed,1.0,0.5,Medium
STU00226,CRS007,5,2,3.54,37.0,8,Dropped,0.625,0.4,Low
STU00227,CRS016,8,6,4.12,60.88,8,Completed,1.0,0.75,High
STU00230,CRS007,2,0,4.29,36.0,8,Active,0.25,0.0,Low
STU00235,CRS020,8,5,7.04,55.13,8,Completed,1.0,0.625,Medium
STU00236,CRS010,8,4,4.54,37.13,8,Completed,1.0,0.5,Medium
STU00236,CRS012,8,5,6.06,53.13,8,Completed,1.0,0.625,Medium
STU00236,CRS006,8,7,7.24,48.88,8,Completed,1.0,0.875,High
STU00241,CRS010,4,3,3.5,45.25,8,Active,0.5,0.75,High
STU00243,CRS018,6,5,4.7,76.17,8,Active,0.75,0.8333333333333334,High
STU00245,CRS004,8,4,5.63,51.38,8,Completed,1.0,0.5,Medium
STU00245,CRS009,3,2,4.62,57.33,8,Active,0.375,0.6666666666666666,Medium
STU00247,CRS016,4,2,5.08,52.5,8,Active,0.5,0.5,Medium
STU00247,CRS003,7,6,5.76,57.57,8,Active,0.875,0.8571428571428571,High
STU00257,CRS014,8,5,6.9,50.75,8,Completed,1.0,0.625,Medium
STU00258,CRS002,5,3,8.17,71.4,8,Active,0.625,0.6,Medium
STU00258,CRS012,8,4,4.99,44.75,8,Completed,1.0,0.5,Medium
STU00259,CRS013,8,6,4.2,65.63,8,Completed,1.0,0.75,High
STU00260,CRS012,2,2,1.49,46.5,8,Active,0.25,1.0,Medium
STU00262,CRS002,8,4,6.41,57.63,8,Completed,1.0,0.5,Medium
STU00265,CRS010,3,0,6.98,64.33,8,Active,0.375,0.0,Low
STU00269,CRS003,3,0,6.57,78.0,8,Dropped,0.375,0.0,Low
STU00270,CRS018,5,3,5.22,51.0,8,Active,0.625,0.6,Medium
STU00272,CRS002,8,6,6.5,55.0,8,Completed,1.0,0.75,High
STU00277,CRS012,7,5,5.55,31.0,8,Active,0.875,0.7142857142857143,High
STU00279,CRS017,5,3,5.38,52.6,8,Active,0.625,0.6,Medium
STU00280,CRS006,7,3,3.97,61.71,8,Active,0.875,0.42857142857142855,Low
STU00281,CRS004,8,4,6.09,43.63,8,Completed,1.0,0.5,Medium
STU00282,CRS008,4,2,5.67,39.0,8,Active,0.5,0.5,Medium
STU00283,CRS005,7,4,5.92,49.0,8,Active,0.875,0.5714285714285714,Medium
STU00285,CRS014,5,4,5.64,41.8,8,Active,0.625,0.8,High
STU00288,CRS014,2,0,4.05,58.5,8,Dropped,0.25,0.0,Low
STU00293,CRS019,8,6,4.49,51.75,8,Completed,1.0,0.75,High
STU00297,CRS008,4,2,8.24,51.25,8,Active,0.5,0.5,Medium
STU00298,CRS006,2,2,7.38,21.5,8,Dropped,0.25,1.0,High
STU00299,CRS016,8,4,4.98,47.13,8,Active,1.0,0.5,Medium
STU00305,CRS018,5,3,5.38,53.0,8,Active,0.625,0.6,Medium
STU00306,CRS020,1,1,5.14,95.0,8,Dropped,0.125,1.0,Low
STU00308,CRS018,8,2,4.71,52.5,8,Completed,1.0,0.25,Low
STU00309,CRS011,8,4,4.63,57.25,8,Completed,1.0,0.5,Medium
STU00312,CRS011,5,4,3.23,73.4,8,Active,0.625,0.8,High
STU00313,CRS009,8,2,4.27,60.63,8,Completed,1.0,0.25,Low
STU00316,CRS007,3,2,2.68,44.33,8,Dropped,0.375,0.6666666666666666,Medium
STU00316,CRS020,4,2,6.81,58.5,8,Active,0.5,0.5,Medium
STU00321,CRS019,6,4,4.28,30.0,8,Active,0.75,0.6666666666666666,Medium
STU00323,CRS006,6,5,5.66,36.67,8,Active,0.75,0.8333333333333334,High
STU00326,CRS001,8,4,5.92,39.5,8,Completed,1.0,0.5,Medium
STU00328,CRS016,8,6,4.32,70.5,8,Completed,1.0,0.75,High
STU00329,CRS014,8,6,5.02,38.25,8,Completed,1.0,0.75,High
STU00333,CRS015,8,3,4.74,46.13,8,Completed,1.0,0.375,Low
STU00336,CRS018,8,5,5.1,65.5,8,Completed,1.0,0.625,Medium
STU00339,CRS002,2,1,4.54,29.5,8,Dropped,0.25,0.5,Medium
STU00345,CRS014,8,6,4.36,57.63,8,Completed,1.0,0.75,High
STU00348,CRS019,7,2,3.19,45.29,8,Active,0.875,0.2857142857142857,Low
STU00350,CRS006,8,4,4.4,47.38,8,Completed,1.0,0.5,Medium
STU00356,CRS018,8,5,6.94,46.63,8,Completed,1.0,0.625,Medium
STU00365,CRS018,8,6,4.37,50.38,8,Completed,1.0,0.75,High
STU00366,CRS006,3,2,4.88,24.67,8,Dropped,0.375,0.6666666666666666,Medium
STU00366,CRS003,8,3,6.02,57.0,8,Completed,1.0,0.375,Low
STU00367,CRS013,4,3,3.79,51.25,8,Active,0.5,0.75,High
STU00377,CRS002,2,0,4.68,49.5,8,Dropped,0.25,0.0,Low
STU00378,CRS004,8,7,6.04,40.38,8,Completed,1.0,0.875,High
STU00380,CRS011,8,7,5.62,52.75,8,Completed,1.0,0.875,High
STU00389,CRS008,8,5,6.1,59.5,8,Completed,1.0,0.625,Medium
STU00390,CRS001,4,2,6.54,48.25,8,Active,0.5,0.5,Medium
STU00396,CRS018,8,4,6.65,45.13,8,Completed,1.0,0.5,Medium
STU00396,CRS017,2,2,5.65,52.5,8,Active,0.25,1.0,High
STU00401,CRS001,5,3,6.1,41.0,8,Active,0.625,0.6,Medium
STU00402,CRS005,8,6,4.07,53.13,8,Completed,1.0,0.75,High
STU00403,CRS010,5,2,3.43,56.8,8,Active,0.625,0.4,Low
STU00407,CRS008,2,1,7.04,64.0,8,Dropped,0.25,0.5,Medium
STU00409,CRS017,3,3,3.16,64.67,8,Active,0.375,1.0,High
STU00411,CRS019,8,5,4.53,62.38,8,Completed,1.0,0.625,Medium
STU00413,CRS020,8,7,6.08,45.88,8,Completed,1.0,0.875,High
STU00415,CRS005,8,4,4.88,46.13,8,Completed,1.0,0.5,Medium
STU00416,CRS020,8,7,6.81,45.38,8,Completed,1.0,0.875,High
STU00430,CRS006,8,6,6.21,54.88,8,Completed,1.0,0.75,High
STU00432,CRS017,8,5,5.86,45.63,8,Completed,1.0,0.625,Medium
STU00434,CRS007,8,6,4.91,29.0,8,Completed,1.0,0.75,High
STU00434,CRS002,4,4,7.17,53.5,8,Active,0.5,1.0,High
STU00434,CRS006,1,1,2.03,38.0,8,Dropped,0.125,1.0,Low
STU00436,CRS018,8,5,4.46,34.13,8,Completed,1.0,0.625,Medium
STU00440,CRS019,8,6,4.31,44.38,8,Completed,1.0,0.75,High
STU00441,CRS003,4,2,4.22,60.0,8,Active,0.5,0.5,Medium
STU00441,CRS011,8,4,5.03,53.63,8,Completed,1.0,0.5,Medium
STU00444,CRS007,8,7,5.48,56.75,8,Completed,1.0,0.875,High
STU00445,CRS002,8,4,7.63,57.63,8,Completed,1.0,0.5,Medium
STU00448,CRS011,5,2,5.8,25.4,8,Active,0.625,0.4,Low
STU00450,CRS010,8,4,5.1,59.13,8,Completed,1.0,0.5,Medium
STU00451,CRS005,3,3,5.36,29.0,8,Dropped,0.375,1.0,High
STU00462,CRS007,1,1,5.17,53.0,8,Dropped,0.125,1.0,Low
STU00464,CRS016,7,3,4.08,55.86,8,Active,0.875,0.42857142857142855,Low
STU00465,CRS015,8,5,6.74,65.5,8,Completed,1.0,0.625,Medium
STU00466,CRS015,6,3,3.51,58.0,8,Active,0.75,0.5,Medium
STU00471,CRS011,7,5,4.91,48.0,8,Active,0.875,0.7142857142857143,High
STU00472,CRS014,8,4,6.41,52.0,8,Completed,1.0,0.5,Medium
STU00473,CRS019,2,0,2.43,18.0,8,Dropped,0.25,0.0,Low
STU00475,CRS005,8,6,3.9,39.38,8,Completed,1.0,0.75,High
STU00476,CRS018,7,3,6.12,24.29,8,Active,0.875,0.42857142857142855,Low
STU00476,CRS015,8,4,4.84,44.13,8,Completed,1.0,0.5,Medium
STU00477,CRS012,8,4,6.18,70.25,8,Completed,1.0,0.5,Medium
STU00477,CRS003,8,5,3.22,50.13,8,Completed,1.0,0.625,Medium
STU00478,CRS002,8,3,5.87,41.13,8,Completed,1.0,0.375,Low
STU00480,CRS010,8,5,4.88,74.25,8,Completed,1.0,0.625,Medium
STU00481,CRS020,4,3,5.69,34.75,8,Active,0.5,0.75,High
STU00483,CRS005,6,4,4.38,31.5,8,Active,0.75,0.6666666666666666,Medium
STU00487,CRS020,3,2,5.34,37.67,8,Active,0.375,0.6666666666666666,Medium
STU00490,CRS010,8,5,3.89,34.13,8,Completed,1.0,0.625,Medium
STU00491,CRS006,8,5,5.46,49.38,8,Completed,1.0,0.625,Medium
STU00494,CRS020,4,2,5.45,17.75,8,Active,0.5,0.5,Medium
STU00499,CRS012,6,5,8.28,46.33,8,Active,0.75,0.8333333333333334,High
STU00500,CRS016,4,3,5.06,29.5,8,Active,0.5,0.75,High
STU00128,CRS006,8,7,6.19,42.38,8,Completed,1.0,0.875,High
STU00237,CRS001,8,5,4.93,35.13,8,Completed,1.0,0.625,Medium
STU00403,CRS006,2,1,4.56,19.0,8,Active,0.25,0.5,Medium
STU00001,CRS019,4,1,4.69,67.75,8,Dropped,0.5,0.25,Low
STU00008,CRS005,7,1,5.03,58.0,8,Active,0.875,0.14285714285714285,Low
STU00008,CRS003,6,5,5.77,52.5,8,Active,0.75,0.8333333333333334,High
STU00010,CRS006,7,5,6.67,31.14,8,Active,0.875,0.7142857142857143,High
STU00014,CRS016,5,3,3.3,54.0,8,Active,0.625,0.6,Medium
STU00016,CRS016,4,3,5.29,48.5,8,Dropped,0.5,0.75,High
STU00016,CRS002,8,5,7.88,50.88,8,Active,1.0,0.625,Medium
STU00016,CRS003,1,0,3.23,62.0,8,Dropped,0.125,0.0,Low
STU00017,CRS019,8,6,5.01,62.0,8,Completed,1.0,0.75,High
STU00019,CRS017,1,1,11.54,56.0,8,Dropped,0.125,1.0,Low
STU00020,CRS009,4,3,5.62,67.0,8,Active,0.5,0.75,High
STU00021,CRS019,6,4,3.17,58.33,8,Active,0.75,0.6666666666666666,Medium
STU00023,CRS011,2,1,3.55,34.5,8,Active,0.25,0.5,Medium
STU00024,CRS015,3,0,8.12,35.67,8,Active,0.375,0.0,Low
STU00025,CRS018,3,2,7.68,77.33,8,Active,0.375,0.6666666666666666,Medium
STU00028,CRS017,2,2,5.97,31.0,8,Active,0.25,1.0,High
STU00034,CRS019,3,3,2.78,31.33,8,Active,0.375,1.0,High
STU00035,CRS016,2,0,5.23,26.0,8,Active,0.25,0.0,Low
STU00035,CRS011,4,2,5.6,64.25,8,Active,0.5,0.5,Medium
STU00038,CRS015,6,1,6.69,74.5,8,Active,0.75,0.16666666666666666,Low
STU00039,CRS008,5,5,5.54,70.2,8,Active,0.625,1.0,High
STU00041,CRS003,7,3,5.31,50.71,8,Active,0.875,0.42857142857142855,Low
STU00043,CRS008,8,5,7.09,49.5,8,Completed,1.0,0.625,Medium
STU00043,CRS013,2,2,5.11,9.0,8,Active,0.25,1.0,High
STU00043,CRS019,6,2,2.77,52.33,8,Active,0.75,0.3333333333333333,Low
STU00044,CRS010,8,4,5.2,56.13,8,Completed,1.0,0.5,Medium
STU00047,CRS012,8,5,6.96,45.75,8,Completed,1.0,0.625,Medium
STU00047,CRS020,8,3,7.46,55.13,8,Active,1.0,0.375,Low
STU00051,CRS001,5,4,6.35,80.0,8,Dropped,0.625,0.8,High
STU00058,CRS016,4,3,5.61,50.5,8,Active,0.5,0.75,High
STU00059,CRS020,8,4,6.04,50.75,8,Completed,1.0,0.5,Medium
STU00059,CRS002,6,4,5.24,59.33,8,Active,0.75,0.6666666666666666,Medium
STU00059,CRS001,8,6,5.81,43.0,8,Completed,1.0,0.75,High
STU00066,CRS006,8,4,6.25,43.25,8,Completed,1.0,0.5,Medium
STU00067,CRS010,3,1,3.56,73.0,8,Active,0.375,0.3333333333333333,Low
STU00069,CRS013,6,3,4.06,73.83,8,Active,0.75,0.5,Medium
STU00071,CRS016,8,4,3.0,52.38,8,Completed,1.0,0.5,Medium
STU00074,CRS011,8,5,4.36,71.88,8,Completed,1.0,0.625,Medium
STU00077,CRS003,1,1,3.09,12.0,8,Active,0.125,1.0,Low
STU00080,CRS003,8,7,5.43,51.88,8,Completed,1.0,0.875,High
STU00081,CRS005,5,1,6.23,53.4,8,Active,0.625,0.2,Low
STU00082,CRS005,8,2,4.36,45.88,8,Completed,1.0,0.25,Low
STU00083,CRS001,8,5,6.25,35.5,8,Completed,1.0,0.625,Medium
STU00091,CRS014,8,6,5.87,53.75,8,Completed,1.0,0.75,High
STU00092,CRS013,1,0,1.98,34.0,8,Active,0.125,0.0,Low
STU00104,CRS006,6,5,6.59,45.0,8,Active,0.75,0.8333333333333334,High
STU00105,CRS013,8,5,5.76,50.5,8,Active,1.0,0.625,Medium
STU00110,CRS004,8,5,5.51,49.5,8,Completed,1.0,0.625,Medium
STU00110,CRS017,3,2,2.43,88.0,8,Dropped,0.375,0.6666666666666666,Medium
STU00112,CRS015,6,2,5.58,35.5,8,Active,0.75,0.3333333333333333,Low
STU00114,CRS020,3,2,8.1,77.0,8,Dropped,0.375,0.6666666666666666,Medium
STU00118,CRS005,7,4,5.32,59.57,8,Active,0.875,0.5714285714285714,Medium
STU00124,CRS016,7,4,4.23,49.86,8,Active,0.875,0.5714285714285714,Medium
STU00126,CRS002,8,3,6.06,56.75,8,Completed,1.0,0.375,Low
STU00127,CRS008,8,6,5.11,50.25,8,Completed,1.0,0.75,High
STU00127,CRS001,2,1,4.67,27.5,8,Active,0.25,0.5,Medium
STU00134,CRS019,4,1,4.52,69.25,8,Active,0.5,0.25,Low
STU00138,CRS004,2,2,7.72,30.0,8,Dropped,0.25,1.0,High
STU00140,CRS005,4,2,5.99,68.75,8,Dropped,0.5,0.5,Medium
STU00142,CRS011,4,3,4.83,31.0,8,Active,0.5,0.75,High
STU00143,CRS003,2,1,5.36,62.0,8,Active,0.25,0.5,Medium
STU00144,CRS002,7,4,6.91,60.71,8,Active,0.875,0.5714285714285714,Medium
STU00145,CRS014,6,3,5.72,56.83,8,Active,0.75,0.5,Medium
STU00148,CRS006,4,3,4.17,58.75,8,Active,0.5,0.75,High
STU00150,CRS003,1,0,2.71,33.0,8,Active,0.125,0.0,Low
STU00150,CRS010,6,3,4.46,73.5,8,Active,0.75,0.5,Medium
STU00155,CRS008,8,4,6.61,58.25,8,Completed,1.0,0.5,Medium
STU00155,CRS002,1,0,12.95,79.0,8,Dropped,0.125,0.0,Low
STU00157,CRS017,8,3,5.54,41.13,8,Completed,1.0,0.375,Low
STU00158,CRS004,3,2,8.74,59.33,8,Active,0.375,0.6666666666666666,Medium
STU00160,CRS009,8,4,4.65,37.5,8,Completed,1.0,0.5,Medium
STU00168,CRS009,8,5,5.7,61.0,8,Completed,1.0,0.625,Medium
STU00170,CRS009,3,2,4.91,33.33,8,Active,0.375,0.6666666666666666,Medium
STU00175,CRS012,8,5,5.75,39.0,8,Completed,1.0,0.625,Medium
STU00176,CRS001,4,3,6.0,55.0,8,Active,0.5,0.75,High
STU00176,CRS013,8,6,4.7,55.25,8,Completed,1.0,0.75,High
STU00182,CRS018,8,5,4.68,41.88,8,Completed,1.0,0.625,Medium
STU00183,CRS009,2,0,2.02,69.0,8,Dropped,0.25,0.0,Low
STU00184,CRS005,8,4,5.87,48.25,8,Completed,1.0,0.5,Medium
STU00186,CRS011,1,1,13.98,70.0,8,Dropped,0.125,1.0,Low
STU00188,CRS011,4,1,5.25,51.0,8,Active,0.5,0.25,Low
STU00189,CRS014,4,1,3.34,50.75,8,Active,0.5,0.25,Low
STU00190,CRS003,3,3,3.98,60.33,8,Dropped,0.375,1.0,High
STU00191,CRS005,8,5,4.38,60.75,8,Completed,1.0,0.625,Medium
STU00192,CRS015,8,5,4.36,52.13,8,Completed,1.0,0.625,Medium
STU00192,CRS005,8,7,3.44,51.0,8,Completed,1.0,0.875,High
STU00192,CRS006,8,4,3.85,63.25,8,Completed,1.0,0.5,Medium
STU00193,CRS007,8,6,3.91,25.5,8,Completed,1.0,0.75,High
STU00193,CRS006,8,4,4.11,49.0,8,Completed,1.0,0.5,Medium
STU00195,CRS001,4,1,10.37,65.75,8,Active,0.5,0.25,Low
STU00196,CRS005,8,5,6.53,46.13,8,Completed,1.0,0.625,Medium
STU00200,CRS001,8,7,6.19,18.38,8,Completed,1.0,0.875,High
STU00202,CRS002,8,5,8.11,34.88,8,Completed,1.0,0.625,Medium
STU00206,CRS005,8,6,5.71,39.13,8,Completed,1.0,0.75,High
STU00207,CRS007,5,3,4.63,54.0,8,Active,0.625,0.6,Medium
STU00210,CRS003,2,2,3.55,46.0,8,Active,0.25,1.0,High
STU00210,CRS017,8,3,4.81,54.0,8,Completed,1.0,0.375,Low
STU00213,CRS014,1,1,7.9,80.0,8,Dropped,0.125,1.0,Low
STU00216,CRS004,3,1,5.68,61.33,8,Dropped,0.375,0.3333333333333333,Low
STU00218,CRS020,8,7,6.01,44.0,8,Completed,1.0,0.875,High
STU00220,CRS008,6,3,3.53,29.83,8,Active,0.75,0.5,Medium
STU00222,CRS017,8,5,3.43,54.63,8,Completed,1.0,0.625,Medium
STU00225,CRS016,8,6,5.45,52.5,8,Completed,1.0,0.75,High
STU00226,CRS003,6,4,3.81,62.5,8,Active,0.75,0.6666666666666666,Medium
STU00228,CRS010,8,7,5.66,48.63,8,Completed,1.0,0.875,High
STU00230,CRS004,2,2,2.83,46.0,8,Active,0.25,1.0,High
STU00231,CRS004,6,3,4.62,28.83,8,Active,0.75,0.5,Medium
STU00233,CRS018,2,1,10.72,53.0,8,Active,0.25,0.5,Medium
STU00234,CRS013,6,3,3.72,20.33,8,Active,0.75,0.5,Medium
STU00238,CRS006,8,2,4.21,48.88,8,Completed,1.0,0.25,Low
STU00240,CRS004,8,5,5.63,39.13,8,Completed,1.0,0.625,Medium
STU00243,CRS007,8,2,4.75,68.0,8,Active,1.0,0.25,Low
STU00246,CRS005,8,4,5.56,37.38,8,Completed,1.0,0.5,Medium
STU00247,CRS012,8,5,5.85,54.63,8,Active,1.0,0.625,Medium
STU00248,CRS018,8,5,5.22,54.88,8,Completed,1.0,0.625,Medium
STU00248,CRS003,2,0,4.68,48.5,8,Active,0.25,0.0,Low
STU00253,CRS011,5,3,5.87,55.8,8,Active,0.625,0.6,Medium
STU00254,CRS001,8,7,5.59,25.75,8,Completed,1.0,0.875,High
STU00254,CRS007,8,4,6.11,60.13,8,Completed,1.0,0.5,Medium
STU00255,CRS005,6,5,3.53,48.17,8,Active,0.75,0.8333333333333334,High
STU00255,CRS001,3,3,2.35,38.67,8,Active,0.375,1.0,High
STU00256,CRS008,8,5,5.95,49.75,8,Completed,1.0,0.625,Medium
STU00257,CRS013,8,4,3.42,53.75,8,Completed,1.0,0.5,Medium
STU00259,CRS006,8,7,4.88,46.88,8,Completed,1.0,0.875,High
STU00261,CRS018,8,5,6.39,48.63,8,Active,1.0,0.625,Medium
STU00270,CRS007,3,3,6.37,45.0,8,Dropped,0.375,1.0,High
STU00274,CRS008,8,6,4.69,48.5,8,Completed,1.0,0.75,High
STU00276,CRS005,8,5,4.49,55.25,8,Completed,1.0,0.625,Medium
STU00276,CRS016,2,2,3.83,23.0,8,Active,0.25,1.0,High
STU00277,CRS015,3,2,1.86,13.0,8,Dropped,0.375,0.6666666666666666,Medium
STU00279,CRS008,8,2,5.79,39.5,8,Completed,1.0,0.25,Low
STU00281,CRS011,5,3,4.63,66.8,8,Active,0.625,0.6,Medium
STU00283,CRS002,8,5,6.08,72.88,8,Completed,1.0,0.625,Medium
STU00284,CRS020,4,2,7.89,61.5,8,Dropped,0.5,0.5,Medium
STU00286,CRS006,8,3,4.83,50.25,8,Completed,1.0,0.375,Low
STU00286,CRS015,8,5,3.54,62.38,8,Active,1.0,0.625,Medium
STU00287,CRS001,4,1,6.02,42.5,8,Dropped,0.5,0.25,Low
STU00288,CRS016,8,6,4.88,57.13,8,Completed,1.0,0.75,High
STU00289,CRS016,8,5,4.83,42.38,8,Completed,1.0,0.625,Medium
STU00292,CRS020,6,3,6.27,62.83,8,Active,0.75,0.5,Medium
STU00294,CRS013,6,4,2.47,66.67,8,Active,0.75,0.6666666666666666,Medium
STU00294,CRS007,8,7,4.27,57.5,8,Completed,1.0,0.875,High
STU00294,CRS014,5,3,5.91,36.0,8,Dropped,0.625,0.6,Medium
STU00295,CRS012,8,2,4.51,46.0,8,Completed,1.0,0.25,Low
STU00300,CRS002,8,3,4.36,56.0,8,Completed,1.0,0.375,Low
STU00308,CRS009,8,3,4.81,38.88,8,Completed,1.0,0.375,Low
STU00309,CRS015,2,1,8.21,14.0,8,Dropped,0.25,0.5,Medium
STU00312,CRS008,8,4,4.19,43.88,8,Completed,1.0,0.5,Medium
STU00320,CRS017,8,6,5.22,36.75,8,Active,1.0,0.75,High
STU00324,CRS005,8,5,3.61,39.38,8,Completed,1.0,0.625,Medium
STU00329,CRS001,8,6,7.38,26.0,8,Completed,1.0,0.75,High
STU00332,CRS003,6,4,5.76,51.5,8,Active,0.75,0.6666666666666666,Medium
STU00332,CRS011,6,4,5.51,71.5,8,Active,0.75,0.6666666666666666,Medium
STU00336,CRS013,8,4,5.0,58.38,8,Completed,1.0,0.5,Medium
STU00340,CRS016,3,1,1.54,41.0,8,Dropped,0.375,0.3333333333333333,Low
STU00341,CRS019,8,5,4.58,50.25,8,Completed,1.0,0.625,Medium
STU00341,CRS010,7,6,2.82,54.0,8,Active,0.875,0.8571428571428571,High
STU00342,CRS001,3,2,2.95,7.0,8,Active,0.375,0.6666666666666666,Medium
STU00343,CRS001,8,5,5.69,42.13,8,Completed,1.0,0.625,Medium
STU00346,CRS008,8,3,5.56,66.5,8,Completed,1.0,0.375,Low
STU00347,CRS009,6,4,6.03,47.83,8,Active,0.75,0.6666666666666666,Medium
STU00349,CRS005,4,3,7.31,44.5,8,Active,0.5,0.75,High
STU00355,CRS017,6,5,3.48,53.67,8,Dropped,0.75,0.8333333333333334,High
STU00359,CRS009,3,2,2.75,57.67,8,Active,0.375,0.6666666666666666,Medium
STU00361,CRS005,8,8,4.38,57.0,8,Completed,1.0,1.0,High
STU00361,CRS012,8,5,4.34,29.13,8,Completed,1.0,0.625,Medium
STU00364,CRS013,8,6,4.55,49.88,8,Completed,1.0,0.75,High
STU00368,CRS013,8,4,4.26,44.75,8,Completed,1.0,0.5,Medium
STU00370,CRS004,8,5,5.73,62.38,8,Completed,1.0,0.625,Medium
STU00371,CRS002,5,4,5.07,63.0,8,Dropped,0.625,0.8,High
STU00378,CRS008,8,7,4.73,56.88,8,Completed,1.0,0.875,High
STU00378,CRS014,8,6,7.39,55.75,8,Completed,1.0,0.75,High
STU00379,CRS006,8,6,4.26,37.5,8,Completed,1.0,0.75,High
STU00381,CRS014,8,5,4.53,57.0,8,Active,1.0,0.625,Medium
STU00383,CRS010,2,2,6.01,59.5,8,Active,0.25,1.0,High
STU00383,CRS008,8,6,4.72,44.13,8,Completed,1.0,0.75,High
STU00388,CRS010,2,1,4.77,60.0,8,Dropped,0.25,0.5,Medium
STU00390,CRS002,6,4,7.85,78.17,8,Active,0.75,0.6666666666666666,Medium
STU00397,CRS007,5,3,5.21,57.2,8,Active,0.625,0.6,Medium
STU00398,CRS020,8,2,6.2,40.0,8,Completed,1.0,0.25,Low
STU00402,CRS016,5,3,2.65,65.6,8,Dropped,0.625,0.6,Medium
STU00405,CRS020,2,2,6.94,57.0,8,Dropped,0.25,1.0,High
STU00410,CRS001,3,2,7.71,50.67,8,Active,0.375,0.6666666666666666,Medium
STU00411,CRS017,8,5,4.61,51.25,8,Completed,1.0,0.625,Medium
STU00412,CRS007,7,3,4.66,59.57,8,Active,0.875,0.42857142857142855,Low
STU00413,CRS014,8,6,6.07,48.0,8,Completed,1.0,0.75,High
STU00414,CRS001,1,0,8.01,94.0,8,Dropped,0.125,0.0,Low
STU00418,CRS014,8,5,3.96,36.75,8,Completed,1.0,0.625,Medium
STU00420,CRS018,4,4,7.48,75.0,8,Active,0.5,1.0,High
STU00423,CRS020,8,6,7.61,34.38,8,Completed,1.0,0.75,High
STU00423,CRS015,6,3,6.33,71.83,8,Active,0.75,0.5,Medium
STU00426,CRS006,2,1,4.46,19.5,8,Active,0.25,0.5,Medium
STU00429,CRS018,8,4,3.45,73.88,8,Completed,1.0,0.5,Medium
STU00431,CRS015,8,6,4.59,59.75,8,Active,1.0,0.75,High
STU00432,CRS009,8,6,5.96,60.25,8,Completed,1.0,0.75,High
STU00433,CRS003,4,3,4.62,47.75,8,Active,0.5,0.75,High
STU00434,CRS005,8,3,3.73,42.75,8,Completed,1.0,0.375,Low
STU00439,CRS004,8,4,4.41,58.75,8,Completed,1.0,0.5,Medium
STU00441,CRS016,8,5,2.95,54.88,8,Completed,1.0,0.625,Medium
STU00442,CRS017,2,2,2.11,55.5,8,Dropped,0.25,1.0,High
STU00445,CRS012,6,3,5.85,73.0,8,Active,0.75,0.5,Medium
STU00448,CRS020,4,3,7.24,59.0,8,Dropped,0.5,0.75,High
STU00450,CRS014,8,3,6.54,55.63,8,Completed,1.0,0.375,Low
STU00452,CRS006,4,2,5.27,28.75,8,Dropped,0.5,0.5,Medium
STU00452,CRS019,8,6,4.22,41.13,8,Completed,1.0,0.75,High
STU00452,CRS004,7,1,9.33,37.0,8,Active,0.875,0.14285714285714285,Low
STU00456,CRS016,1,1,2.21,9.0,8,Dropped,0.125,1.0,Low
STU00458,CRS002,8,6,5.26,54.25,8,Completed,1.0,0.75,High
STU00463,CRS003,8,6,3.68,49.75,8,Completed,1.0,0.75,High
STU00464,CRS002,1,0,4.06,8.0,8,Dropped,0.125,0.0,Low
STU00464,CRS001,7,4,6.3,57.29,8,Active,0.875,0.5714285714285714,Medium
STU00465,CRS012,8,5,5.52,35.38,8,Completed,1.0,0.625,Medium
STU00466,CRS019,8,6,2.61,61.5,8,Completed,1.0,0.75,High
STU00469,CRS010,8,4,4.3,64.63,8,Completed,1.0,0.5,Medium
STU00470,CRS003,8,6,5.52,64.0,8,Completed,1.0,0.75,High
STU00470,CRS010,8,5,4.11,62.0,8,Active,1.0,0.625,Medium
STU00477,CRS014,8,5,6.02,39.88,8,Completed,1.0,0.625,Medium
STU00483,CRS020,3,1,7.76,76.67,8,Active,0.375,0.3333333333333333,Low
STU00485,CRS014,8,6,6.98,56.0,8,Active,1.0,0.75,High
STU00485,CRS019,8,5,4.36,49.25,8,Completed,1.0,0.625,Medium
STU00486,CRS009,8,6,5.34,61.0,8,Completed,1.0,0.75,High
STU00489,CRS009,3,2,5.9,79.67,8,Active,0.375,0.6666666666666666,Medium
STU00489,CRS015,8,6,5.11,66.0,8,Completed,1.0,0.75,High
STU00489,CRS003,8,3,6.43,51.88,8,Completed,1.0,0.375,Low
STU00491,CRS002,4,2,4.85,57.5,8,Active,0.5,0.5,Medium
STU00495,CRS020,7,7,8.83,60.14,8,Active,0.875,1.0,High
STU00496,CRS005,8,4,6.32,38.88,8,Completed,1.0,0.5,Medium
STU00496,CRS012,6,6,7.04,47.17,8,Active,0.75,1.0,High
STU00497,CRS005,8,4,6.18,49.0,8,Completed,1.0,0.5,Medium
STU00498,CRS014,1,0,2.29,37.0,8,Active,0.125,0.0,Low
STU00499,CRS002,7,1,6.53,39.86,8,Active,0.875,0.14285714285714285,Low
STU00500,CRS010,8,6,4.27,73.5,8,Completed,1.0,0.75,High
STU00113,CRS008,8,3,5.93,40.5,8,Active,1.0,0.375,Low
STU00149,CRS008,4,3,5.64,35.75,8,Active,0.5,0.75,High
STU00418,CRS007,4,4,4.24,59.75,8,Dropped,0.5,1.0,High
STU00003,CRS005,8,3,4.62,31.25,8,Completed,1.0,0.375,Low
STU00003,CRS011,8,6,5.17,52.25,8,Completed,1.0,0.75,High
STU00009,CRS018,6,5,6.17,53.83,8,Dropped,0.75,0.8333333333333334,High
STU00009,CRS014,4,1,6.85,80.25,8,Active,0.5,0.25,Low
STU00014,CRS002,4,2,8.68,35.25,8,Dropped,0.5,0.5,Medium
STU00015,CRS019,6,5,4.99,51.83,8,Dropped,0.75,0.8333333333333334,High
STU00018,CRS008,8,5,6.3,56.5,8,Completed,1.0,0.625,Medium
STU00022,CRS020,8,5,7.67,42.63,8,Active,1.0,0.625,Medium
STU00027,CRS018,3,1,7.09,37.67,8,Dropped,0.375,0.3333333333333333,Low
STU00028,CRS019,5,3,4.19,41.0,8,Active,0.625,0.6,Medium
STU00029,CRS010,5,2,3.18,46.2,8,Active,0.625,0.4,Low
STU00032,CRS007,5,2,4.58,50.4,8,Active,0.625,0.4,Low
STU00037,CRS019,8,5,5.12,36.0,8,Completed,1.0,0.625,Medium
STU00040,CRS013,8,4,4.05,52.25,8,Completed,1.0,0.5,Medium
STU00040,CRS003,8,3,5.48,45.88,8,Completed,1.0,0.375,Low
STU00040,CRS015,5,2,3.31,40.4,8,Dropped,0.625,0.4,Low
STU00046,CRS012,4,3,9.99,31.75,8,Active,0.5,0.75,High
STU00049,CRS017,7,4,3.99,55.14,8,Active,0.875,0.5714285714285714,Medium
STU00050,CRS015,8,3,7.06,51.5,8,Completed,1.0,0.375,Low
STU00050,CRS008,3,2,4.91,23.67,8,Active,0.375,0.6666666666666666,Medium
STU00050,CRS013,8,6,4.24,53.5,8,Completed,1.0,0.75,High
STU00053,CRS012,8,6,5.6,38.88,8,Completed,1.0,0.75,High
STU00053,CRS007,5,3,4.27,23.2,8,Dropped,0.625,0.6,Medium
STU00053,CRS015,2,1,5.23,30.0,8,Active,0.25,0.5,Medium
STU00054,CRS020,4,2,4.58,45.25,8,Active,0.5,0.5,Medium
STU00057,CRS013,4,2,3.59,43.0,8,Active,0.5,0.5,Medium
STU00062,CRS018,8,6,4.52,57.75,8,Active,1.0,0.75,High
STU00064,CRS004,8,6,5.59,44.13,8,Completed,1.0,0.75,High
STU00068,CRS014,3,3,5.01,43.0,8,Dropped,0.375,1.0,High
STU00070,CRS013,8,4,4.4,32.63,8,Completed,1.0,0.5,Medium
STU00071,CRS001,8,6,5.42,69.25,8,Completed,1.0,0.75,High
STU00072,CRS018,4,3,3.82,57.25,8,Active,0.5,0.75,High
STU00079,CRS014,8,6,6.66,49.13,8,Completed,1.0,0.75,High
STU00079,CRS003,7,3,3.64,30.86,8,Active,0.875,0.42857142857142855,Low
STU00085,CRS019,8,6,2.92,38.5,8,Completed,1.0,0.75,High
STU00087,CRS001,8,5,4.34,63.5,8,Completed,1.0,0.625,Medium
STU00090,CRS001,4,2,4.25,44.75,8,Active,0.5,0.5,Medium
STU00093,CRS002,2,1,5.74,21.5,8,Active,0.25,0.5,Medium
STU00093,CRS003,4,1,6.44,82.25,8,Active,0.5,0.25,Low
STU00094,CRS004,8,5,6.07,59.13,8,Completed,1.0,0.625,Medium
STU00096,CRS005,8,5,4.66,55.63,8,Completed,1.0,0.625,Medium
STU00098,CRS003,8,4,5.11,44.25,8,Active,1.0,0.5,Medium
STU00100,CRS001,2,2,6.02,47.5,8,Active,0.25,1.0,High
STU00101,CRS002,3,0,9.06,71.33,8,Dropped,0.375,0.0,Low
STU00101,CRS018,8,5,4.84,70.25,8,Completed,1.0,0.625,Medium
STU00105,CRS010,5,5,3.13,63.2,8,Active,0.625,1.0,High
STU00107,CRS018,8,4,5.27,60.75,8,Active,1.0,0.5,Medium
STU00108,CRS008,8,5,5.23,45.13,8,Completed,1.0,0.625,Medium
STU00109,CRS011,2,1,2.53,38.5,8,Active,0.25,0.5,Medium
STU00114,CRS009,8,5,5.17,49.75,8,Completed,1.0,0.625,Medium
STU00116,CRS011,3,1,3.66,41.33,8,Dropped,0.375,0.3333333333333333,Low
STU00123,CRS006,3,1,7.87,70.0,8,Dropped,0.375,0.3333333333333333,Low
STU00124,CRS001,6,3,8.13,59.17,8,Active,0.75,0.5,Medium
STU00126,CRS016,8,5,3.64,56.0,8,Completed,1.0,0.625,Medium
STU00127,CRS012,8,6,5.23,21.63,8,Active,1.0,0.75,High
STU00130,CRS004,8,4,6.05,48.88,8,Completed,1.0,0.5,Medium
STU00134,CRS016,8,4,4.52,63.75,8,Completed,1.0,0.5,Medium
STU00135,CRS001,6,4,6.48,30.33,8,Active,0.75,0.6666666666666666,Medium
STU00137,CRS004,5,4,8.98,66.0,8,Dropped,0.625,0.8,High
STU00139,CRS011,8,5,5.12,69.5,8,Completed,1.0,0.625,Medium
STU00141,CRS006,4,4,7.0,66.75,8,Active,0.5,1.0,High
STU00141,CRS008,5,4,3.78,42.8,8,Active,0.625,0.8,High
STU00142,CRS003,8,3,5.21,38.13,8,Completed,1.0,0.375,Low
STU00143,CRS012,6,3,7.9,31.83,8,Active,0.75,0.5,Medium
STU00148,CRS014,6,4,6.26,61.17,8,Active,0.75,0.6666666666666666,Medium
STU00149,CRS009,4,3,3.62,48.5,8,Active,0.5,0.75,High
STU00153,CRS009,5,3,5.69,54.0,8,Active,0.625,0.6,Medium
STU00163,CRS014,8,4,4.68,42.88,8,Completed,1.0,0.5,Medium
STU00167,CRS008,7,5,5.9,40.57,8,Active,0.875,0.7142857142857143,High
STU00171,CRS002,8,3,5.38,57.5,8,Completed,1.0,0.375,Low
STU00175,CRS018,4,3,2.38,41.25,8,Dropped,0.5,0.75,High
STU00185,CRS016,6,6,5.18,43.17,8,Active,0.75,1.0,High
STU00191,CRS014,8,4,7.28,28.38,8,Active,1.0,0.5,Medium
STU00197,CRS010,2,1,6.08,49.5,8,Dropped,0.25,0.5,Medium
STU00213,CRS019,8,5,3.55,49.63,8,Active,1.0,0.625,Medium
STU00215,CRS011,4,2,3.62,70.0,8,Dropped,0.5,0.5,Medium
STU00222,CRS002,3,0,2.47,63.0,8,Dropped,0.375,0.0,Low
STU00228,CRS018,6,4,6.72,58.5,8,Active,0.75,0.6666666666666666,Medium
STU00229,CRS016,3,3,2.01,43.0,8,Dropped,0.375,1.0,High
STU00232,CRS004,4,3,4.68,63.0,8,Dropped,0.5,0.75,High
STU00232,CRS017,8,2,5.55,55.38,8,Completed,1.0,0.25,Low
STU00232,CRS005,8,2,5.74,45.75,8,Completed,1.0,0.25,Low
STU00240,CRS018,8,4,5.9,36.38,8,Completed,1.0,0.5,Medium
STU00245,CRS014,8,5,4.3,59.25,8,Active,1.0,0.625,Medium
STU00248,CRS006,5,3,4.17,59.4,8,Active,0.625,0.6,Medium
STU00251,CRS013,8,4,4.98,53.63,8,Active,1.0,0.5,Medium
STU00253,CRS017,1,0,12.26,46.0,8,Dropped,0.125,0.0,Low
STU00255,CRS015,7,3,4.79,45.57,8,Active,0.875,0.42857142857142855,Low
STU00256,CRS003,8,5,5.85,64.25,8,Completed,1.0,0.625,Medium
STU00257,CRS011,8,1,6.26,48.38,8,Completed,1.0,0.125,Low
STU00261,CRS012,4,2,5.29,55.75,8,Active,0.5,0.5,Medium
STU00263,CRS003,2,0,1.4,69.5,8,Active,0.25,0.0,Low
STU00263,CRS009,8,3,5.51,51.38,8,Completed,1.0,0.375,Low
STU00267,CRS009,1,0,1.67,77.0,8,Active,0.125,0.0,Low
STU00268,CRS016,4,2,2.79,33.75,8,Active,0.5,0.5,Medium
STU00268,CRS015,7,7,6.68,41.86,8,Active,0.875,1.0,High
STU00269,CRS020,2,1,8.28,35.5,8,Dropped,0.25,0.5,Medium
STU00272,CRS019,8,5,4.34,62.38,8,Completed,1.0,0.625,Medium
STU00274,CRS017,1,0,3.3,91.0,8,Dropped,0.125,0.0,Low
STU00276,CRS008,8,5,7.58,59.5,8,Completed,1.0,0.625,Medium
STU00279,CRS013,8,4,4.03,59.63,8,Completed,1.0,0.5,Medium
STU00283,CRS006,6,2,6.24,68.17,8,Active,0.75,0.3333333333333333,Low
STU00285,CRS006,8,5,4.6,50.0,8,Completed,1.0,0.625,Medium
STU00288,CRS006,8,7,7.02,51.25,8,Completed,1.0,0.875,High
STU00290,CRS018,3,1,6.49,64.67,8,Active,0.375,0.3333333333333333,Low
STU00292,CRS018,5,3,4.37,19.2,8,Active,0.625,0.6,Medium
STU00295,CRS013,8,5,4.91,38.88,8,Completed,1.0,0.625,Medium
STU00298,CRS018,3,3,6.01,69.67,8,Active,0.375,1.0,High
STU00302,CRS010,8,4,5.51,50.13,8,Completed,1.0,0.5,Medium
STU00306,CRS009,8,1,4.69,64.25,8,Completed,1.0,0.125,Low
STU00306,CRS008,7,5,7.71,36.0,8,Active,0.875,0.7142857142857143,High
STU00317,CRS004,5,2,6.56,43.2,8,Dropped,0.625,0.4,Low
STU00319,CRS016,8,4,4.75,60.25,8,Completed,1.0,0.5,Medium
STU00319,CRS006,4,2,4.66,52.0,8,Active,0.5,0.5,Medium
STU00325,CRS014,7,4,4.29,62.86,8,Active,0.875,0.5714285714285714,Medium
STU00327,CRS018,8,6,6.04,45.0,8,Completed,1.0,0.75,High
STU00327,CRS016,1,1,2.23,77.0,8,Active,0.125,1.0,Low
STU00327,CRS009,4,2,4.11,41.5,8,Active,0.5,0.5,Medium
STU00329,CRS012,8,5,5.43,45.38,8,Completed,1.0,0.625,Medium
STU00331,CRS011,8,5,5.11,47.25,8,Completed,1.0,0.625,Medium
STU00332,CRS006,1,0,7.47,64.0,8,Active,0.125,0.0,Low
STU00333,CRS009,2,2,1.51,58.5,8,Dropped,0.25,1.0,Medium
STU00333,CRS012,6,6,4.09,57.83,8,Active,0.75,1.0,High
STU00339,CRS001,8,7,4.46,68.63,8,Completed,1.0,0.875,High
STU00341,CRS015,6,3,5.88,54.0,8,Active,0.75,0.5,Medium
STU00343,CRS018,5,3,3.96,30.2,8,Active,0.625,0.6,Medium
STU00343,CRS020,8,4,4.6,54.88,8,Completed,1.0,0.5,Medium
STU00345,CRS013,4,3,3.11,63.5,8,Active,0.5,0.75,High
STU00346,CRS014,8,5,4.64,47.63,8,Completed,1.0,0.625,Medium
STU00352,CRS011,4,2,5.37,45.5,8,Active,0.5,0.5,Medium
STU00357,CRS016,7,4,3.52,52.71,8,Active,0.875,0.5714285714285714,Medium
STU00359,CRS001,8,5,5.4,54.88,8,Completed,1.0,0.625,Medium
STU00359,CRS006,8,4,4.99,46.13,8,Active,1.0,0.5,Medium
STU00361,CRS020,6,4,6.2,40.83,8,Active,0.75,0.6666666666666666,Medium
STU00364,CRS012,5,2,8.17,46.8,8,Active,0.625,0.4,Low
STU00367,CRS006,8,6,5.09,43.0,8,Completed,1.0,0.75,High
STU00368,CRS018,8,6,6.72,60.38,8,Completed,1.0,0.75,High
STU00372,CRS002,8,5,6.46,51.13,8,Completed,1.0,0.625,Medium
STU00373,CRS002,8,5,7.46,69.5,8,Completed,1.0,0.625,Medium
STU00376,CRS012,8,6,4.1,44.63,8,Completed,1.0,0.75,High
STU00380,CRS017,5,2,3.92,43.4,8,Dropped,0.625,0.4,Low
STU00381,CRS008,8,4,3.86,46.88,8,Completed,1.0,0.5,Medium
STU00382,CRS001,8,3,5.78,44.0,8,Completed,1.0,0.375,Low
STU00384,CRS017,8,5,6.23,35.5,8,Completed,1.0,0.625,Medium
STU00387,CRS003,8,6,4.53,37.38,8,Completed,1.0,0.75,High
STU00388,CRS013,4,1,3.68,30.75,8,Dropped,0.5,0.25,Low
STU00395,CRS016,8,3,4.76,57.25,8,Completed,1.0,0.375,Low
STU00396,CRS008,3,1,4.8,13.67,8,Dropped,0.375,0.3333333333333333,Low
STU00398,CRS005,5,3,4.24,46.4,8,Active,0.625,0.6,Medium
STU00399,CRS004,8,4,5.36,55.63,8,Completed,1.0,0.5,Medium
STU00401,CRS015,1,1,4.31,75.0,8,Active,0.125,1.0,Low
STU00404,CRS013,5,4,3.96,63.2,8,Active,0.625,0.8,High
STU00412,CRS018,8,6,6.12,59.0,8,Completed,1.0,0.75,High
STU00416,CRS018,8,3,4.45,57.13,8,Completed,1.0,0.375,Low
STU00417,CRS013,8,5,2.89,57.0,8,Completed,1.0,0.625,Medium
STU00419,CRS011,8,6,5.77,47.0,8,Completed,1.0,0.75,High
STU00420,CRS017,7,2,6.38,53.86,8,Active,0.875,0.2857142857142857,Low
STU00425,CRS018,8,2,5.28,47.75,8,Completed,1.0,0.25,Low
STU00426,CRS015,8,4,3.65,34.88,8,Active,1.0,0.5,Medium
STU00428,CRS017,1,1,7.78,42.0,8,Dropped,0.125,1.0,Low
STU00432,CRS001,2,1,5.57,39.5,8,Active,0.25,0.5,Medium
STU00435,CRS003,3,1,7.33,48.67,8,Dropped,0.375,0.3333333333333333,Low
STU00436,CRS020,7,3,6.63,51.57,8,Active,0.875,0.42857142857142855,Low
STU00457,CRS002,8,7,7.59,38.13,8,Completed,1.0,0.875,High
STU00461,CRS004,5,3,7.08,45.4,8,Active,0.625,0.6,Medium
STU00461,CRS009,4,3,3.68,56.25,8,Active,0.5,0.75,High
STU00462,CRS017,4,1,1.92,45.25,8,Active,0.5,0.25,Low
STU00462,CRS004,4,2,6.29,51.75,8,Dropped,0.5,0.5,Medium
STU00462,CRS012,8,8,6.03,36.63,8,Completed,1.0,1.0,High
STU00466,CRS005,8,3,4.52,40.63,8,Completed,1.0,0.375,Low
STU00468,CRS015,8,2,5.05,48.0,8,Completed,1.0,0.25,Low
STU00470,CRS013,8,5,3.38,39.38,8,Completed,1.0,0.625,Medium
STU00472,CRS011,2,1,8.67,69.5,8,Dropped,0.25,0.5,Medium
STU00474,CRS003,8,6,5.47,50.88,8,Completed,1.0,0.75,High
STU00482,CRS007,3,2,4.73,51.0,8,Active,0.375,0.6666666666666666,Medium
STU00485,CRS006,3,2,4.65,29.67,8,Active,0.375,0.6666666666666666,Medium
STU00485,CRS017,8,6,5.63,46.88,8,Completed,1.0,0.75,High
STU00487,CRS016,8,3,3.91,69.25,8,Completed,1.0,0.375,Low
STU00488,CRS005,8,5,4.56,62.88,8,Completed,1.0,0.625,Medium
STU00492,CRS009,8,4,5.04,48.0,8,Completed,1.0,0.5,Medium
STU00493,CRS017,2,0,2.67,73.5,8,Dropped,0.25,0.0,Low
STU00068,CRS004,2,2,3.09,60.5,8,Dropped,0.25,1.0,High
STU00092,CRS007,8,5,3.75,49.0,8,Completed,1.0,0.625,Medium
STU00177,CRS007,8,4,3.65,67.25,8,Completed,1.0,0.5,Medium
