enrollment_id,student_id,course_id,enrollment_date,status
ENR000001,STU00001,CRS019,2025-12-26,Dropped
ENR000002,STU00002,CRS001,2025-08-28,Completed
ENR000003,STU00002,CRS009,2026-02-20,Completed
ENR000004,STU00003,CRS010,2025-07-25,Active
ENR000005,STU00003,CRS005,2025-06-18,Completed
ENR000006,STU00003,CRS007,2025-05-31,Active
ENR000007,STU00003,CRS011,2025-11-10,Completed
ENR000008,STU00004,CRS009,2025-11-25,Completed
ENR000009,STU00004,CRS016,2025-11-25,Completed
ENR000010,STU00004,CRS019,2025-11-25,Active
ENR000011,STU00005,CRS018,2026-01-21,Active
ENR000012,STU00005,CRS016,2026-01-21,Dropped
ENR000013,STU00006,CRS017,2025-08-31,Active
ENR000014,STU00007,CRS002,2025-06-06,Completed
ENR000015,STU00008,CRS005,2026-03-31,Active
ENR000016,STU00008,CRS008,2025-12-05,Completed
ENR000017,STU00008,CRS003,2026-02-02,Active
ENR000018,STU00008,CRS020,2025-12-05,Completed
ENR000019,STU00009,CRS016,2025-10-13,Active
ENR000020,STU00009,CRS020,2026-04-13,Completed
ENR000021,STU00009,CRS001,2026-02-18,Active
ENR000022,STU00009,CRS018,2025-10-20,Dropped
ENR000023,STU00009,CRS014,2026-01-02,Active
ENR000024,STU00010,CRS006,2026-04-13,Active
ENR000025,STU00010,CRS004,2026-04-13,Active
ENR000026,STU00010,CRS019,2026-04-13,Completed
ENR000027,STU00010,CRS017,2026-04-13,Dropped
ENR000028,STU00011,CRS013,2025-09-06,Dropped
ENR000029,STU00011,CRS003,2025-12-22,Completed
ENR000030,STU00011,CRS012,2025-06-23,Active
ENR000031,STU00012,CRS010,2026-02-05,Completed
ENR000032,STU00012,CRS003,2025-10-05,Dropped
ENR000033,STU00013,CRS003,2025-11-30,Completed
ENR000034,STU00014,CRS018,2025-09-25,Completed
ENR000035,STU00014,CRS016,2025-08-14,Active
ENR000036,STU00014,CRS002,2025-08-24,Dropped
ENR000037,STU00014,CRS001,2025-11-05,Completed
ENR000038,STU00015,CRS019,2026-03-21,Dropped
ENR000039,STU00015,CRS004,2025-07-17,Active
ENR000040,STU00015,CRS017,2025-04-21,Dropped
ENR000041,STU00016,CRS016,2025-05-28,Dropped
ENR000042,STU00016,CRS009,2026-02-25,Completed
ENR000043,STU00016,CRS002,2026-04-01,Active
ENR000044,STU00016,CRS003,2025-06-25,Dropped
ENR000045,STU00016,CRS019,2025-11-10,Active
ENR000046,STU00017,CRS019,2026-02-22,Completed
ENR000047,STU00017,CRS005,2026-02-22,Completed
ENR000048,STU00018,CRS003,2026-01-31,Completed
ENR000049,STU00018,CRS010,2026-01-31,Dropped
ENR000050,STU00018,CRS006,2026-01-31,Completed
ENR000051,STU00018,CRS008,2026-01-31,Completed
ENR000052,STU00019,CRS005,2026-01-08,Active
ENR000053,STU00019,CRS003,2026-03-05,Completed
ENR000054,STU00019,CRS017,2025-08-31,Dropped
ENR000055,STU00019,CRS012,2025-07-27,Active
ENR000056,STU00020,CRS020,2025-12-01,Completed
ENR000057,STU00020,CRS013,2025-06-06,Completed
ENR000058,STU00020,CRS011,2025-06-14,Active
ENR000059,STU00020,CRS001,2026-02-03,Completed
ENR000060,STU00020,CRS009,2025-08-15,Active
ENR000061,STU00021,CRS019,2025-12-01,Active
ENR000062,STU00021,CRS013,2025-11-09,Completed
ENR000063,STU00022,CRS003,2026-02-18,Active
ENR000064,STU00022,CRS020,2025-05-10,Active
ENR000065,STU00023,CRS013,2025-06-12,Active
ENR000066,STU00023,CRS011,2025-07-06,Active
ENR000067,STU00024,CRS015,2026-02-20,Active
ENR000068,STU00024,CRS012,2026-02-20,Active
ENR000069,STU00024,CRS009,2026-02-20,Completed
ENR000070,STU00025,CRS018,2025-12-05,Active
ENR000071,STU00025,CRS017,2025-07-22,Completed
ENR000072,STU00025,CRS014,2025-09-23,Completed
ENR000073,STU00025,CRS004,2026-02-23,Completed
ENR000074,STU00025,CRS001,2025-08-24,Dropped
ENR000075,STU00026,CRS010,2025-11-14,Completed
ENR000076,STU00027,CRS018,2026-04-02,Dropped
ENR000077,STU00028,CRS019,2025-09-12,Active
ENR000078,STU00028,CRS017,2025-06-20,Active
ENR000079,STU00029,CRS009,2026-02-26,Active
ENR000080,STU00029,CRS010,2026-02-26,Active
ENR000081,STU00030,CRS014,2025-12-12,Completed
ENR000082,STU00030,CRS009,2026-03-24,Completed
ENR000083,STU00031,CRS012,2026-02-25,Active
ENR000084,STU00032,CRS016,2026-04-03,Completed
ENR000085,STU00032,CRS007,2026-04-03,Active
ENR000086,STU00033,CRS013,2026-01-24,Active
ENR000087,STU00034,CRS013,2025-05-07,Dropped
ENR000088,STU00034,CRS011,2026-03-01,Dropped
ENR000089,STU00034,CRS015,2025-10-31,Dropped
ENR000090,STU00034,CRS019,2025-04-23,Active
ENR000091,STU00034,CRS014,2025-09-06,Active
ENR000092,STU00035,CRS016,2026-01-18,Active
ENR000093,STU00035,CRS011,2025-10-29,Active
ENR000094,STU00036,CRS010,2026-01-19,Active
ENR000095,STU00036,CRS016,2026-01-19,Active
ENR000096,STU00036,CRS008,2026-01-19,Completed
ENR000097,STU00037,CRS004,2026-03-04,Completed
ENR000098,STU00037,CRS019,2026-02-25,Completed
ENR000099,STU00037,CRS007,2026-02-25,Completed
ENR000100,STU00038,CRS001,2026-01-13,Dropped
ENR000101,STU00038,CRS015,2026-01-13,Active
ENR000102,STU00038,CRS007,2026-01-13,Dropped
ENR000103,STU00038,CRS019,2026-02-14,Completed
ENR000104,STU00038,CRS010,2026-01-13,Completed
ENR000105,STU00039,CRS010,2025-12-12,Active
ENR000106,STU00039,CRS008,2026-02-22,Active
ENR000107,STU00040,CRS013,2025-08-11,Completed
ENR000108,STU00040,CRS003,2025-10-05,Completed
ENR000109,STU00040,CRS015,2026-04-05,Dropped
ENR000110,STU00040,CRS016,2025-10-28,Dropped
ENR000111,STU00041,CRS018,2025-12-04,Active
ENR000112,STU00041,CRS002,2025-12-04,Active
ENR000113,STU00041,CRS012,2026-04-03,Completed
ENR000114,STU00041,CRS003,2025-12-25,Active
ENR000115,STU00042,CRS002,2025-07-26,Active
ENR000116,STU00042,CRS019,2025-11-18,Active
ENR000117,STU00042,CRS013,2025-11-30,Active
ENR000118,STU00042,CRS011,2025-12-02,Completed
ENR000119,STU00042,CRS014,2025-11-06,Completed
ENR000120,STU00043,CRS008,2026-03-18,Completed
ENR000121,STU00043,CRS015,2026-03-18,Completed
ENR000122,STU00043,CRS012,2026-03-18,Completed
ENR000123,STU00043,CRS013,2026-03-18,Active
ENR000124,STU00043,CRS019,2026-03-18,Active
ENR000125,STU00044,CRS010,2026-02-02,Completed
ENR000126,STU00045,CRS004,2025-09-22,Dropped
ENR000127,STU00046,CRS012,2025-08-25,Active
ENR000128,STU00046,CRS010,2025-07-18,Completed
ENR000129,STU00047,CRS016,2025-08-03,Completed
ENR000130,STU00047,CRS012,2025-04-14,Completed
ENR000131,STU00047,CRS020,2026-02-06,Active
ENR000132,STU00047,CRS004,2026-02-18,Active
ENR000133,STU00047,CRS015,2025-08-17,Completed
ENR000134,STU00048,CRS011,2025-11-15,Completed
ENR000135,STU00049,CRS008,2026-03-10,Active
ENR000136,STU00049,CRS017,2026-03-17,Active
ENR000137,STU00050,CRS014,2026-03-26,Active
ENR000138,STU00050,CRS015,2025-12-26,Completed
ENR000139,STU00050,CRS008,2025-12-26,Active
ENR000140,STU00050,CRS013,2025-12-26,Completed
ENR000141,STU00050,CRS006,2025-12-26,Dropped
ENR000142,STU00051,CRS019,2025-07-07,Completed
ENR000143,STU00051,CRS014,2025-04-16,Active
ENR000144,STU00051,CRS013,2025-08-28,Completed
ENR000145,STU00051,CRS001,2025-09-11,Dropped
ENR000146,STU00052,CRS019,2025-11-05,Active
ENR000147,STU00053,CRS006,2025-09-05,Active
ENR000148,STU00053,CRS012,2025-06-12,Completed
ENR000149,STU00053,CRS011,2026-01-08,Completed
ENR000150,STU00053,CRS007,2025-09-03,Dropped
ENR000151,STU00053,CRS015,2025-08-30,Active
ENR000152,STU00054,CRS020,2025-07-19,Active
ENR000153,STU00054,CRS013,2025-09-15,Completed
ENR000154,STU00054,CRS004,2025-07-10,Active
ENR000155,STU00054,CRS012,2026-01-18,Completed
ENR000156,STU00055,CRS020,2026-03-13,Completed
ENR000157,STU00055,CRS019,2026-02-03,Active
ENR000158,STU00055,CRS003,2025-12-20,Active
ENR000159,STU00056,CRS006,2025-07-27,Active
ENR000160,STU00057,CRS017,2026-01-10,Completed
ENR000161,STU00057,CRS013,2026-02-04,Active
ENR000162,STU00058,CRS014,2025-09-12,Completed
ENR000163,STU00058,CRS006,2026-02-20,Completed
ENR000164,STU00058,CRS016,2025-06-19,Active
ENR000165,STU00058,CRS019,2025-07-28,Active
ENR000166,STU00059,CRS020,2025-12-03,Completed
ENR000167,STU00059,CRS002,2025-11-26,Active
ENR000168,STU00059,CRS012,2025-07-22,Active
ENR000169,STU00059,CRS001,2025-11-27,Completed
ENR000170,STU00060,CRS014,2026-02-05,Completed
ENR000171,STU00060,CRS016,2026-02-05,Active
ENR000172,STU00060,CRS020,2026-02-05,Active
ENR000173,STU00060,CRS015,2026-02-05,Completed
ENR000174,STU00061,CRS002,2025-06-21,Completed
ENR000175,STU00061,CRS009,2025-05-21,Active
ENR000176,STU00061,CRS008,2025-07-21,Completed
ENR000177,STU00062,CRS018,2025-12-31,Active
ENR000178,STU00062,CRS017,2026-01-05,Completed
ENR000179,STU00062,CRS004,2025-07-08,Dropped
ENR000180,STU00062,CRS020,2025-06-08,Completed
ENR000181,STU00063,CRS015,2025-10-11,Completed
ENR000182,STU00064,CRS004,2025-09-07,Completed
ENR000183,STU00064,CRS008,2025-09-07,Active
ENR000184,STU00064,CRS010,2026-01-31,Dropped
ENR000185,STU00064,CRS002,2026-04-14,Completed
ENR000186,STU00065,CRS008,2025-09-30,Active
ENR000187,STU00066,CRS012,2026-01-28,Dropped
ENR000188,STU00066,CRS014,2025-08-12,Dropped
ENR000189,STU00066,CRS006,2026-02-16,Completed
ENR000190,STU00066,CRS005,2026-03-28,Completed
ENR000191,STU00066,CRS007,2025-06-20,Completed
ENR000192,STU00067,CRS011,2026-01-22,Active
ENR000193,STU00067,CRS010,2025-05-10,Active
ENR000194,STU00068,CRS004,2026-03-17,Dropped
ENR000195,STU00068,CRS005,2026-03-17,Active
ENR000196,STU00068,CRS014,2026-03-17,Dropped
ENR000197,STU00068,CRS002,2026-03-17,Active
ENR000198,STU00068,CRS009,2026-03-17,Completed
ENR000199,STU00069,CRS013,2025-07-08,Active
ENR000200,STU00069,CRS016,2026-01-20,Completed
ENR000201,STU00070,CRS013,2025-07-14,Completed
ENR000202,STU00070,CRS015,2026-01-21,Completed
ENR000203,STU00070,CRS003,2025-09-23,Completed
ENR000204,STU00070,CRS018,2026-01-08,Dropped
ENR000205,STU00071,CRS016,2025-04-26,Completed
ENR000206,STU00071,CRS011,2025-09-29,Completed
ENR000207,STU00071,CRS001,2026-01-21,Completed
ENR000208,STU00071,CRS003,2025-10-21,Active
ENR000209,STU00072,CRS018,2026-04-08,Active
ENR000210,STU00073,CRS007,2025-10-04,Dropped
ENR000211,STU00073,CRS016,2025-12-19,Active
ENR000212,STU00073,CRS009,2025-08-06,Completed
ENR000213,STU00073,CRS011,2025-08-10,Completed
ENR000214,STU00074,CRS011,2025-11-30,Completed
ENR000215,STU00074,CRS002,2025-05-21,Dropped
ENR000216,STU00074,CRS019,2026-03-23,Active
ENR000217,STU00074,CRS004,2025-10-21,Dropped
ENR000218,STU00075,CRS015,2025-07-15,Active
ENR000219,STU00075,CRS020,2025-12-03,Dropped
ENR000220,STU00076,CRS005,2025-06-25,Active
ENR000221,STU00076,CRS010,2026-03-04,Dropped
ENR000222,STU00077,CRS003,2026-02-24,Active
ENR000223,STU00077,CRS012,2025-07-02,Completed
ENR000224,STU00077,CRS009,2025-05-25,Completed
ENR000225,STU00078,CRS013,2025-12-01,Completed
ENR000226,STU00079,CRS014,2025-08-10,Completed
ENR000227,STU00079,CRS003,2025-06-14,Active
ENR000228,STU00080,CRS003,2025-07-24,Completed
ENR000229,STU00080,CRS005,2025-05-27,Active
ENR000230,STU00080,CRS008,2026-01-27,Completed
ENR000231,STU00080,CRS017,2025-04-17,Dropped
ENR000232,STU00081,CRS005,2025-06-18,Active
ENR000233,STU00081,CRS016,2026-01-25,Completed
ENR000234,STU00081,CRS003,2025-10-04,Active
ENR000235,STU00081,CRS008,2025-11-18,Active
ENR000236,STU00082,CRS005,2025-08-27,Completed
ENR000237,STU00082,CRS013,2025-08-09,Completed
ENR000238,STU00082,CRS020,2025-08-09,Active
ENR000239,STU00083,CRS001,2025-05-17,Completed
ENR000240,STU00083,CRS006,2025-11-26,Active
ENR000241,STU00083,CRS015,2026-03-20,Completed
ENR000242,STU00083,CRS012,2026-04-13,Completed
ENR000243,STU00083,CRS007,2025-11-28,Dropped
ENR000244,STU00084,CRS004,2025-08-10,Active
ENR000245,STU00085,CRS019,2025-12-05,Completed
ENR000246,STU00086,CRS014,2026-03-04,Active
ENR000247,STU00086,CRS011,2026-03-04,Completed
ENR000248,STU00086,CRS005,2026-03-04,Active
ENR000249,STU00087,CRS020,2025-07-08,Completed
ENR000250,STU00087,CRS010,2026-04-08,Completed
ENR000251,STU00087,CRS001,2026-01-27,Completed
ENR000252,STU00087,CRS019,2026-01-15,Active
ENR000253,STU00087,CRS007,2026-02-02,Active
ENR000254,STU00088,CRS016,2025-09-21,Active
ENR000255,STU00088,CRS013,2025-06-23,Completed
ENR000256,STU00089,CRS003,2025-12-22,Active
ENR000257,STU00089,CRS017,2025-08-23,Dropped
ENR000258,STU00089,CRS001,2025-06-02,Completed
ENR000259,STU00089,CRS012,2026-03-08,Active
ENR000260,STU00089,CRS011,2025-10-08,Completed
ENR000261,STU00090,CRS003,2025-09-21,Active
ENR000262,STU00090,CRS001,2025-07-30,Active
ENR000263,STU00090,CRS020,2025-12-25,Active
ENR000264,STU00090,CRS019,2025-06-22,Completed
ENR000265,STU00091,CRS010,2026-03-24,Active
ENR000266,STU00091,CRS017,2026-03-24,Completed
ENR000267,STU00091,CRS014,2026-03-24,Completed
ENR000268,STU00091,CRS018,2026-03-24,Active
ENR000269,STU00091,CRS013,2026-03-24,Active
ENR000270,STU00092,CRS007,2026-03-14,Completed
ENR000271,STU00092,CRS005,2025-11-02,Completed
ENR000272,STU00092,CRS018,2025-07-13,Completed
ENR000273,STU00092,CRS011,2025-07-13,Completed
ENR000274,STU00092,CRS013,2025-07-31,Active
ENR000275,STU00093,CRS008,2025-07-19,Dropped
ENR000276,STU00093,CRS002,2025-08-26,Active
ENR000277,STU00093,CRS020,2025-07-03,Completed
ENR000278,STU00093,CRS003,2025-12-03,Active
ENR000279,STU00094,CRS004,2025-08-30,Completed
ENR000280,STU00094,CRS001,2025-06-20,Completed
ENR000281,STU00095,CRS016,2025-05-21,Completed
ENR000282,STU00095,CRS012,2026-02-21,Completed
ENR000283,STU00096,CRS006,2026-02-25,Completed
ENR000284,STU00096,CRS012,2026-02-25,Dropped
ENR000285,STU00096,CRS005,2026-02-25,Completed
ENR000286,STU00097,CRS001,2025-12-10,Active
ENR000287,STU00098,CRS009,2025-10-28,Completed
ENR000288,STU00098,CRS017,2025-09-02,Completed
ENR000289,STU00098,CRS003,2025-10-22,Active
ENR000290,STU00098,CRS020,2025-10-13,Completed
ENR000291,STU00099,CRS002,2026-04-06,Active
ENR000292,STU00099,CRS016,2026-04-06,Active
ENR000293,STU00099,CRS006,2026-04-06,Active
ENR000294,STU00100,CRS004,2025-12-04,Dropped
ENR000295,STU00100,CRS008,2025-05-24,Active
ENR000296,STU00100,CRS017,2025-10-22,Active
ENR000297,STU00100,CRS001,2025-05-08,Active
ENR000298,STU00100,CRS002,2026-02-13,Dropped
ENR000299,STU00101,CRS002,2025-05-31,Dropped
ENR000300,STU00101,CRS018,2026-02-27,Completed
ENR000301,STU00102,CRS008,2025-06-26,Dropped
ENR000302,STU00102,CRS011,2025-10-08,Active
ENR000303,STU00102,CRS020,2025-05-20,Dropped
ENR000304,STU00102,CRS014,2025-11-08,Completed
ENR000305,STU00103,CRS017,2026-02-14,Completed
ENR000306,STU00104,CRS006,2026-01-11,Active
ENR000307,STU00105,CRS002,2025-10-23,Completed
ENR000308,STU00105,CRS013,2025-12-26,Active
ENR000309,STU00105,CRS003,2025-07-16,Active
ENR000310,STU00105,CRS015,2025-08-26,Completed
ENR000311,STU00105,CRS010,2025-11-21,Active
ENR000312,STU00106,CRS019,2025-08-26,Completed
ENR000313,STU00106,CRS010,2026-03-20,Completed
ENR000314,STU00106,CRS008,2025-08-26,Completed
ENR000315,STU00107,CRS018,2025-10-10,Active
ENR000316,STU00107,CRS008,2026-03-05,Dropped
ENR000317,STU00108,CRS008,2025-05-13,Completed
ENR000318,STU00109,CRS011,2026-02-01,Active
ENR000319,STU00110,CRS010,2025-11-18,Dropped
ENR000320,STU00110,CRS004,2025-11-18,Completed
ENR000321,STU00110,CRS007,2026-03-23,Dropped
ENR000322,STU00110,CRS017,2025-11-18,Dropped
ENR000323,STU00111,CRS009,2025-08-27,Active
ENR000324,STU00111,CRS003,2025-12-29,Active
ENR000325,STU00112,CRS014,2026-02-09,Completed
ENR000326,STU00112,CRS012,2025-07-20,Completed
ENR000327,STU00112,CRS015,2025-04-28,Active
ENR000328,STU00112,CRS003,2025-05-09,Completed
ENR000329,STU00112,CRS004,2025-08-03,Active
ENR000330,STU00113,CRS008,2026-03-25,Active
ENR000331,STU00113,CRS010,2026-03-31,Active
ENR000332,STU00114,CRS011,2025-11-23,Active
ENR000333,STU00114,CRS020,2026-01-04,Dropped
ENR000334,STU00114,CRS015,2025-11-23,Active
ENR000335,STU00114,CRS009,2025-11-23,Completed
ENR000336,STU00115,CRS005,2025-10-23,Active
ENR000337,STU00116,CRS015,2026-02-12,Completed
ENR000338,STU00116,CRS011,2026-02-12,Dropped
ENR000339,STU00116,CRS014,2026-02-12,Active
ENR000340,STU00116,CRS004,2026-02-12,Active
ENR000341,STU00117,CRS004,2025-09-12,Dropped
ENR000342,STU00117,CRS003,2025-05-22,Active
ENR000343,STU00117,CRS006,2025-12-03,Completed
ENR000344,STU00118,CRS002,2026-03-06,Completed
ENR000345,STU00118,CRS007,2026-03-06,Dropped
ENR000346,STU00118,CRS011,2026-03-06,Active
ENR000347,STU00118,CRS005,2026-03-06,Active
ENR000348,STU00118,CRS003,2026-03-06,Active
ENR000349,STU00119,CRS001,2026-03-01,Dropped
ENR000350,STU00119,CRS013,2026-03-01,Completed
ENR000351,STU00120,CRS008,2025-08-15,Active
ENR000352,STU00120,CRS004,2025-06-10,Active
ENR000353,STU00120,CRS015,2026-04-14,Completed
ENR000354,STU00120,CRS019,2025-09-23,Active
ENR000355,STU00120,CRS005,2025-08-20,Active
ENR000356,STU00121,CRS012,2025-08-07,Active
ENR000357,STU00121,CRS003,2026-04-11,Active
ENR000358,STU00121,CRS009,2025-08-10,Dropped
ENR000359,STU00121,CRS019,2025-08-28,Completed
ENR000360,STU00122,CRS003,2026-01-18,Active
ENR000361,STU00122,CRS011,2025-12-11,Dropped
ENR000362,STU00123,CRS006,2026-01-04,Dropped
ENR000363,STU00124,CRS013,2025-11-22,Completed
ENR000364,STU00124,CRS016,2025-11-12,Active
ENR000365,STU00124,CRS001,2025-11-12,Active
ENR000366,STU00124,CRS020,2026-01-19,Active
ENR000367,STU00125,CRS015,2026-03-18,Completed
ENR000368,STU00125,CRS005,2025-07-15,Completed
ENR000369,STU00125,CRS002,2026-03-31,Completed
ENR000370,STU00126,CRS014,2025-11-07,Active
ENR000371,STU00126,CRS018,2025-11-07,Active
ENR000372,STU00126,CRS016,2026-01-04,Completed
ENR000373,STU00126,CRS002,2026-04-08,Completed
ENR000374,STU00127,CRS008,2025-11-18,Completed
ENR000375,STU00127,CRS018,2025-10-20,Completed
ENR000376,STU00127,CRS001,2026-04-12,Active
ENR000377,STU00127,CRS013,2025-08-28,Completed
ENR000378,STU00127,CRS012,2025-08-28,Active
ENR000379,STU00128,CRS006,2025-07-04,Completed
ENR000380,STU00128,CRS001,2026-02-21,Active
ENR000381,STU00128,CRS011,2025-05-19,Dropped
ENR000382,STU00129,CRS002,2026-02-08,Active
ENR000383,STU00129,CRS016,2025-12-22,Completed
ENR000384,STU00129,CRS017,2025-09-09,Active
ENR000385,STU00130,CRS004,2025-12-09,Completed
ENR000386,STU00130,CRS008,2025-12-09,Active
ENR000387,STU00131,CRS008,2026-03-18,Completed
ENR000388,STU00132,CRS012,2025-06-09,Completed
ENR000389,STU00132,CRS006,2025-05-29,Dropped
ENR000390,STU00132,CRS019,2025-08-22,Completed
ENR000391,STU00132,CRS008,2025-06-03,Dropped
ENR000392,STU00133,CRS012,2025-08-26,Dropped
ENR000393,STU00134,CRS005,2025-11-13,Active
ENR000394,STU00134,CRS019,2025-07-08,Active
ENR000395,STU00134,CRS007,2026-02-04,Active
ENR000396,STU00134,CRS016,2025-05-25,Completed
ENR000397,STU00134,CRS010,2025-09-07,Active
ENR000398,STU00135,CRS001,2026-03-15,Active
ENR000399,STU00135,CRS011,2026-01-07,Active
ENR000400,STU00135,CRS007,2026-01-03,Dropped
ENR000401,STU00135,CRS005,2026-01-29,Dropped
ENR000402,STU00136,CRS001,2025-06-16,Active
ENR000403,STU00137,CRS004,2026-02-10,Dropped
ENR000404,STU00137,CRS017,2025-12-22,Dropped
ENR000405,STU00138,CRS013,2025-11-10,Active
ENR000406,STU00138,CRS019,2026-03-12,Active
ENR000407,STU00138,CRS004,2025-11-17,Dropped
ENR000408,STU00139,CRS016,2025-08-01,Active
ENR000409,STU00139,CRS011,2026-01-06,Completed
ENR000410,STU00139,CRS006,2025-11-10,Active
ENR000411,STU00139,CRS012,2025-05-12,Active
ENR000412,STU00140,CRS005,2025-08-14,Dropped
ENR000413,STU00140,CRS006,2026-01-21,Dropped
ENR000414,STU00140,CRS001,2025-08-19,Active
ENR000415,STU00141,CRS002,2026-02-07,Dropped
ENR000416,STU00141,CRS006,2025-09-13,Active
ENR000417,STU00141,CRS011,2026-02-25,Completed
ENR000418,STU00141,CRS008,2026-02-26,Active
ENR000419,STU00141,CRS004,2025-07-05,Dropped
ENR000420,STU00142,CRS003,2025-12-08,Completed
ENR000421,STU00142,CRS011,2025-11-20,Active
ENR000422,STU00143,CRS003,2025-04-18,Active
ENR000423,STU00143,CRS012,2026-01-23,Active
ENR000424,STU00144,CRS002,2026-03-07,Active
ENR000425,STU00145,CRS006,2025-08-03,Active
ENR000426,STU00145,CRS014,2025-04-29,Active
ENR000427,STU00145,CRS016,2025-10-28,Dropped
ENR000428,STU00145,CRS013,2025-06-07,Completed
ENR000429,STU00146,CRS008,2025-10-14,Active
ENR000430,STU00146,CRS006,2025-07-03,Active
ENR000431,STU00146,CRS015,2025-05-02,Dropped
ENR000432,STU00146,CRS003,2026-01-06,Active
ENR000433,STU00146,CRS002,2025-09-04,Active
ENR000434,STU00147,CRS006,2025-09-24,Active
ENR000435,STU00147,CRS003,2025-11-17,Dropped
ENR000436,STU00147,CRS018,2025-10-15,Dropped
ENR000437,STU00147,CRS019,2025-07-04,Completed
ENR000438,STU00148,CRS006,2025-08-24,Active
ENR000439,STU00148,CRS014,2025-09-05,Active
ENR000440,STU00148,CRS020,2025-08-24,Active
ENR000441,STU00148,CRS002,2025-08-24,Completed
ENR000442,STU00149,CRS009,2025-11-09,Active
ENR000443,STU00149,CRS010,2025-05-02,Completed
ENR000444,STU00149,CRS019,2025-09-07,Dropped
ENR000445,STU00149,CRS008,2025-05-15,Active
ENR000446,STU00149,CRS004,2025-10-14,Active
ENR000447,STU00150,CRS003,2026-01-22,Active
ENR000448,STU00150,CRS010,2025-05-31,Active
ENR000449,STU00150,CRS016,2025-06-02,Completed
ENR000450,STU00150,CRS007,2025-11-04,Dropped
ENR000451,STU00151,CRS004,2025-10-09,Completed
ENR000452,STU00151,CRS010,2025-12-08,Completed
ENR000453,STU00151,CRS013,2025-06-24,Active
ENR000454,STU00151,CRS016,2025-11-25,Completed
ENR000455,STU00152,CRS012,2026-01-08,Active
ENR000456,STU00152,CRS013,2025-07-13,Completed
ENR000457,STU00153,CRS015,2025-05-10,Active
ENR000458,STU00153,CRS020,2026-01-23,Active
ENR000459,STU00153,CRS009,2025-08-10,Active
ENR000460,STU00154,CRS003,2026-03-18,Completed
ENR000461,STU00155,CRS014,2025-12-27,Dropped
ENR000462,STU00155,CRS019,2025-12-27,Completed
ENR000463,STU00155,CRS008,2025-12-27,Completed
ENR000464,STU00155,CRS002,2025-12-27,Dropped
ENR000465,STU00155,CRS013,2025-12-27,Completed
ENR000466,STU00156,CRS016,2026-03-22,Active
ENR000467,STU00156,CRS010,2026-03-22,Dropped
ENR000468,STU00157,CRS017,2025-08-03,Completed
ENR000469,STU00158,CRS019,2026-04-10,Dropped
ENR000470,STU00158,CRS005,2025-11-25,Active
ENR000471,STU00158,CRS004,2026-04-11,Active
ENR000472,STU00158,CRS015,2025-09-22,Active
ENR000473,STU00158,CRS006,2025-06-06,Active
ENR000474,STU00159,CRS014,2025-04-30,Active
ENR000475,STU00160,CRS020,2026-02-07,Active
ENR000476,STU00160,CRS009,2025-06-26,Completed
ENR000477,STU00161,CRS003,2025-09-22,Active
ENR000478,STU00162,CRS018,2026-01-16,Completed
ENR000479,STU00162,CRS011,2026-02-20,Dropped
ENR000480,STU00162,CRS009,2025-11-08,Completed
ENR000481,STU00162,CRS017,2025-11-08,Completed
ENR000482,STU00163,CRS014,2026-03-27,Completed
ENR000483,STU00163,CRS004,2026-03-19,Completed
ENR000484,STU00163,CRS020,2026-02-25,Dropped
ENR000485,STU00163,CRS005,2026-02-08,Active
ENR000486,STU00163,CRS017,2025-05-04,Active
ENR000487,STU00164,CRS010,2025-12-23,Dropped
ENR000488,STU00165,CRS014,2026-02-04,Completed
ENR000489,STU00165,CRS009,2026-02-04,Completed
ENR000490,STU00165,CRS013,2026-02-04,Completed
ENR000491,STU00166,CRS009,2025-06-29,Active
ENR000492,STU00166,CRS013,2025-10-27,Completed
ENR000493,STU00167,CRS002,2025-06-27,Active
ENR000494,STU00167,CRS013,2025-10-22,Completed
ENR000495,STU00167,CRS011,2025-07-17,Active
ENR000496,STU00167,CRS008,2025-10-07,Active
ENR000497,STU00168,CRS010,2026-01-06,Dropped
ENR000498,STU00168,CRS020,2025-06-04,Dropped
ENR000499,STU00168,CRS009,2025-12-25,Completed
ENR000500,STU00169,CRS005,2025-04-20,Dropped
ENR000501,STU00169,CRS010,2025-11-13,Completed
ENR000502,STU00170,CRS009,2025-12-12,Active
ENR000503,STU00170,CRS014,2025-04-29,Active
ENR000504,STU00170,CRS003,2025-06-15,Dropped
ENR000505,STU00171,CRS017,2025-07-26,Completed
ENR000506,STU00171,CRS012,2026-01-27,Active
ENR000507,STU00171,CRS002,2025-11-26,Completed
ENR000508,STU00171,CRS020,2025-05-03,Completed
ENR000509,STU00172,CRS019,2026-04-06,Dropped
ENR000510,STU00172,CRS001,2026-04-06,Active
ENR000511,STU00172,CRS006,2026-04-06,Completed
ENR000512,STU00172,CRS007,2026-04-06,Dropped
ENR000513,STU00172,CRS017,2026-04-06,Completed
ENR000514,STU00173,CRS012,2025-12-11,Active
ENR000515,STU00173,CRS015,2026-02-24,Dropped
ENR000516,STU00173,CRS017,2025-04-20,Completed
ENR000517,STU00174,CRS012,2026-02-25,Completed
ENR000518,STU00174,CRS016,2025-12-07,Active
ENR000519,STU00175,CRS019,2025-11-28,Active
ENR000520,STU00175,CRS018,2025-11-28,Dropped
ENR000521,STU00175,CRS012,2026-04-06,Completed
ENR000522,STU00175,CRS020,2025-11-28,Completed
ENR000523,STU00176,CRS001,2025-08-07,Active
ENR000524,STU00176,CRS013,2026-02-25,Completed
ENR000525,STU00176,CRS002,2025-10-25,Dropped
ENR000526,STU00177,CRS008,2025-11-05,Active
ENR000527,STU00177,CRS007,2025-11-05,Completed
ENR000528,STU00178,CRS001,2026-03-26,Completed
ENR000529,STU00179,CRS006,2026-03-19,Active
ENR000530,STU00179,CRS001,2025-04-21,Completed
ENR000531,STU00180,CRS009,2025-07-13,Dropped
ENR000532,STU00180,CRS014,2025-10-24,Completed
ENR000533,STU00180,CRS013,2025-08-14,Active
ENR000534,STU00181,CRS017,2025-09-04,Active
ENR000535,STU00181,CRS013,2025-08-17,Dropped
ENR000536,STU00181,CRS004,2025-08-18,Dropped
ENR000537,STU00182,CRS018,2025-11-06,Completed
ENR000538,STU00182,CRS010,2025-11-28,Completed
ENR000539,STU00182,CRS019,2025-11-06,Active
ENR000540,STU00183,CRS011,2026-04-07,Completed
ENR000541,STU00183,CRS009,2025-10-14,Dropped
ENR000542,STU00183,CRS019,2026-02-05,Completed
ENR000543,STU00184,CRS005,2025-11-29,Completed
ENR000544,STU00184,CRS017,2026-03-01,Dropped
ENR000545,STU00185,CRS013,2026-03-05,Dropped
ENR000546,STU00185,CRS011,2026-02-06,Active
ENR000547,STU00185,CRS005,2025-04-24,Completed
ENR000548,STU00185,CRS001,2025-11-03,Active
ENR000549,STU00185,CRS016,2025-07-25,Active
ENR000550,STU00186,CRS007,2025-06-08,Completed
ENR000551,STU00186,CRS011,2026-03-08,Dropped
ENR000552,STU00186,CRS008,2025-12-10,Dropped
ENR000553,STU00186,CRS016,2025-05-16,Dropped
ENR000554,STU00186,CRS012,2025-08-31,Active
ENR000555,STU00187,CRS016,2026-03-31,Active
ENR000556,STU00188,CRS018,2025-11-24,Completed
ENR000557,STU00188,CRS006,2025-11-28,Active
ENR000558,STU00188,CRS011,2025-11-14,Active
ENR000559,STU00189,CRS014,2025-07-10,Active
ENR000560,STU00189,CRS011,2025-06-08,Active
ENR000561,STU00189,CRS012,2026-04-04,Dropped
ENR000562,STU00190,CRS002,2026-03-25,Dropped
ENR000563,STU00190,CRS019,2026-03-25,Completed
ENR000564,STU00190,CRS003,2026-03-25,Dropped
ENR000565,STU00190,CRS016,2026-03-25,Active
ENR000566,STU00191,CRS014,2026-03-21,Active
ENR000567,STU00191,CRS002,2026-03-21,Active
ENR000568,STU00191,CRS005,2026-03-21,Completed
ENR000569,STU00192,CRS015,2026-02-26,Completed
ENR000570,STU00192,CRS005,2026-02-26,Completed
ENR000571,STU00192,CRS011,2026-02-26,Active
ENR000572,STU00192,CRS006,2026-02-26,Completed
ENR000573,STU00192,CRS003,2026-02-26,Active
ENR000574,STU00193,CRS007,2026-04-13,Completed
ENR000575,STU00193,CRS006,2026-04-06,Completed
ENR000576,STU00193,CRS019,2025-06-06,Active
ENR000577,STU00194,CRS014,2026-03-21,Active
ENR000578,STU00194,CRS020,2026-03-15,Active
ENR000579,STU00194,CRS013,2025-08-08,Active
ENR000580,STU00194,CRS019,2025-11-03,Active
ENR000581,STU00194,CRS016,2026-03-27,Active
ENR000582,STU00195,CRS017,2025-07-26,Completed
ENR000583,STU00195,CRS007,2025-08-08,Completed
ENR000584,STU00195,CRS001,2026-03-01,Active
ENR000585,STU00196,CRS010,2026-01-05,Active
ENR000586,STU00196,CRS005,2026-01-19,Completed
ENR000587,STU00196,CRS004,2026-03-02,Active
ENR000588,STU00197,CRS010,2025-09-12,Dropped
ENR000589,STU00198,CRS017,2025-09-11,Dropped
ENR000590,STU00198,CRS020,2025-09-23,Dropped
ENR000591,STU00198,CRS011,2026-03-21,Active
ENR000592,STU00198,CRS014,2026-03-07,Dropped
ENR000593,STU00199,CRS007,2026-03-21,Active
ENR000594,STU00199,CRS006,2025-07-23,Active
ENR000595,STU00199,CRS013,2026-01-24,Dropped
ENR000596,STU00200,CRS001,2025-06-10,Completed
ENR000597,STU00200,CRS019,2025-06-20,Active
ENR000598,STU00201,CRS013,2026-01-18,Dropped
ENR000599,STU00202,CRS018,2025-12-21,Completed
ENR000600,STU00202,CRS002,2025-12-21,Completed
ENR000601,STU00202,CRS019,2025-12-21,Active
ENR000602,STU00203,CRS014,2025-10-24,Completed
ENR000603,STU00204,CRS018,2025-07-07,Active
ENR000604,STU00205,CRS007,2026-04-05,Active
ENR000605,STU00205,CRS001,2026-04-05,Completed
ENR000606,STU00206,CRS009,2025-12-21,Active
ENR000607,STU00206,CRS005,2025-10-05,Completed
ENR000608,STU00206,CRS014,2025-10-14,Completed
ENR000609,STU00206,CRS004,2025-11-21,Completed
ENR000610,STU00206,CRS017,2025-12-30,Completed
ENR000611,STU00207,CRS007,2026-04-08,Active
ENR000612,STU00207,CRS012,2026-04-08,Completed
ENR000613,STU00207,CRS014,2026-04-08,Active
ENR000614,STU00207,CRS010,2026-04-08,Dropped
ENR000615,STU00207,CRS006,2026-04-08,Active
ENR000616,STU00208,CRS001,2025-04-25,Completed
ENR000617,STU00209,CRS019,2026-03-21,Completed
ENR000618,STU00210,CRS003,2025-07-11,Active
ENR000619,STU00210,CRS017,2025-07-21,Completed
ENR000620,STU00211,CRS008,2025-09-12,Active
ENR000621,STU00211,CRS015,2026-01-10,Active
ENR000622,STU00211,CRS010,2026-04-10,Dropped
ENR000623,STU00212,CRS010,2026-01-16,Active
ENR000624,STU00213,CRS014,2026-02-09,Dropped
ENR000625,STU00213,CRS004,2026-03-19,Dropped
ENR000626,STU00213,CRS019,2026-04-09,Active
ENR000627,STU00214,CRS006,2026-02-25,Active
ENR000628,STU00214,CRS011,2025-10-10,Completed
ENR000629,STU00215,CRS009,2025-08-10,Active
ENR000630,STU00215,CRS003,2025-09-28,Completed
ENR000631,STU00215,CRS012,2025-07-13,Completed
ENR000632,STU00215,CRS011,2025-09-09,Dropped
ENR000633,STU00215,CRS006,2025-05-28,Completed
ENR000634,STU00216,CRS014,2026-01-08,Completed
ENR000635,STU00216,CRS006,2025-10-31,Active
ENR000636,STU00216,CRS004,2025-10-31,Dropped
ENR000637,STU00216,CRS005,2025-11-23,Active
ENR000638,STU00217,CRS019,2026-01-10,Completed
ENR000639,STU00217,CRS016,2025-11-17,Completed
ENR000640,STU00217,CRS015,2025-10-23,Completed
ENR000641,STU00217,CRS006,2026-02-28,Dropped
ENR000642,STU00218,CRS016,2026-01-27,Active
ENR000643,STU00218,CRS020,2025-10-21,Completed
ENR000644,STU00219,CRS003,2025-10-29,Active
ENR000645,STU00220,CRS001,2026-02-10,Dropped
ENR000646,STU00220,CRS017,2025-04-29,Completed
ENR000647,STU00220,CRS008,2026-04-13,Active
ENR000648,STU00221,CRS020,2025-12-26,Active
ENR000649,STU00221,CRS004,2025-12-26,Completed
ENR000650,STU00221,CRS014,2026-01-08,Active
ENR000651,STU00221,CRS008,2025-12-26,Dropped
ENR000652,STU00221,CRS016,2025-12-26,Completed
ENR000653,STU00222,CRS002,2025-11-30,Dropped
ENR000654,STU00222,CRS001,2025-05-02,Dropped
ENR000655,STU00222,CRS006,2025-07-29,Active
ENR000656,STU00222,CRS017,2025-09-06,Completed
ENR000657,STU00222,CRS016,2025-08-03,Active
ENR000658,STU00223,CRS002,2026-04-02,Completed
ENR000659,STU00223,CRS017,2026-04-02,Active
ENR000660,STU00223,CRS008,2026-04-02,Dropped
ENR000661,STU00224,CRS015,2025-11-24,Completed
ENR000662,STU00225,CRS015,2025-08-19,Active
ENR000663,STU00225,CRS003,2025-10-20,Completed
ENR000664,STU00225,CRS016,2025-08-19,Completed
ENR000665,STU00225,CRS020,2026-02-11,Active
ENR000666,STU00225,CRS011,2025-09-26,Completed
ENR000667,STU00226,CRS018,2026-01-03,Completed
ENR000668,STU00226,CRS001,2025-05-25,Completed
ENR000669,STU00226,CRS003,2026-01-24,Active
ENR000670,STU00226,CRS010,2026-03-23,Dropped
ENR000671,STU00226,CRS007,2025-12-24,Dropped
ENR000672,STU00227,CRS011,2025-06-02,Completed
ENR000673,STU00227,CRS018,2025-09-12,Active
ENR000674,STU00227,CRS016,2025-09-26,Completed
ENR000675,STU00227,CRS012,2025-06-18,Active
ENR000676,STU00228,CRS012,2025-11-16,Completed
ENR000677,STU00228,CRS010,2025-12-30,Completed
ENR000678,STU00228,CRS018,2025-06-26,Active
ENR000679,STU00229,CRS016,2025-09-27,Dropped
ENR000680,STU00229,CRS005,2025-07-14,Completed
ENR000681,STU00230,CRS004,2025-12-23,Active
ENR000682,STU00230,CRS009,2026-03-12,Dropped
ENR000683,STU00230,CRS007,2026-01-30,Active
ENR000684,STU00230,CRS018,2026-01-01,Dropped
ENR000685,STU00231,CRS011,2026-02-13,Completed
ENR000686,STU00231,CRS004,2026-02-13,Active
ENR000687,STU00232,CRS004,2025-09-25,Dropped
ENR000688,STU00232,CRS015,2025-08-24,Active
ENR000689,STU00232,CRS019,2025-10-22,Completed
ENR000690,STU00232,CRS017,2025-09-01,Completed
ENR000691,STU00232,CRS005,2026-01-28,Completed
ENR000692,STU00233,CRS016,2025-10-18,Active
ENR000693,STU00233,CRS017,2026-03-27,Completed
ENR000694,STU00233,CRS006,2025-08-30,Completed
ENR000695,STU00233,CRS018,2025-08-31,Active
ENR000696,STU00233,CRS005,2026-01-20,Dropped
ENR000697,STU00234,CRS020,2026-03-13,Dropped
ENR000698,STU00234,CRS008,2025-11-06,Dropped
ENR000699,STU00234,CRS009,2025-12-11,Completed
ENR000700,STU00234,CRS013,2025-06-07,Active
ENR000701,STU00235,CRS020,2026-02-25,Completed
ENR000702,STU00235,CRS017,2025-06-18,Dropped
ENR000703,STU00235,CRS010,2025-12-30,Completed
ENR000704,STU00235,CRS011,2025-09-14,Active
ENR000705,STU00236,CRS010,2026-02-13,Completed
ENR000706,STU00236,CRS012,2026-02-13,Completed
ENR000707,STU00236,CRS005,2026-02-13,Completed
ENR000708,STU00236,CRS006,2026-02-13,Completed
ENR000709,STU00236,CRS011,2026-02-13,Dropped
ENR000710,STU00237,CRS018,2025-06-01,Completed
ENR000711,STU00237,CRS010,2025-06-27,Active
ENR000712,STU00237,CRS014,2025-11-27,Active
ENR000713,STU00237,CRS001,2025-07-15,Completed
ENR000714,STU00238,CRS009,2025-09-28,Dropped
ENR000715,STU00238,CRS006,2026-02-21,Completed
ENR000716,STU00239,CRS002,2025-10-29,Active
ENR000717,STU00239,CRS010,2025-04-16,Completed
ENR000718,STU00240,CRS015,2026-03-03,Dropped
ENR000719,STU00240,CRS004,2025-07-10,Completed
ENR000720,STU00240,CRS018,2025-11-15,Completed
ENR000721,STU00241,CRS017,2026-01-05,Completed
ENR000722,STU00241,CRS010,2026-01-05,Active
ENR000723,STU00242,CRS013,2025-05-13,Active
ENR000724,STU00242,CRS014,2025-11-19,Active
ENR000725,STU00242,CRS011,2025-07-12,Completed
ENR000726,STU00242,CRS002,2025-10-31,Completed
ENR000727,STU00243,CRS008,2025-11-26,Completed
ENR000728,STU00243,CRS012,2025-11-04,Dropped
ENR000729,STU00243,CRS018,2026-02-10,Active
ENR000730,STU00243,CRS007,2025-05-01,Active
ENR000731,STU00244,CRS006,2025-06-07,Dropped
ENR000732,STU00245,CRS004,2025-12-09,Completed
ENR000733,STU00245,CRS013,2025-09-13,Active
ENR000734,STU00245,CRS002,2026-02-20,Completed
ENR000735,STU00245,CRS014,2025-12-14,Active
ENR000736,STU00245,CRS009,2026-02-14,Active
ENR000737,STU00246,CRS002,2025-08-01,Dropped
ENR000738,STU00246,CRS005,2026-03-16,Completed
ENR000739,STU00247,CRS010,2025-08-19,Completed
ENR000740,STU00247,CRS016,2025-09-13,Active
ENR000741,STU00247,CRS018,2025-08-19,Active
ENR000742,STU00247,CRS012,2025-12-15,Active
ENR000743,STU00247,CRS003,2025-11-23,Active
ENR000744,STU00248,CRS006,2026-03-14,Active
ENR000745,STU00248,CRS014,2026-03-14,Dropped
ENR000746,STU00248,CRS018,2026-03-14,Completed
ENR000747,STU00248,CRS013,2026-03-14,Active
ENR000748,STU00248,CRS003,2026-03-14,Active
ENR000749,STU00249,CRS017,2025-11-11,Completed
ENR000750,STU00249,CRS016,2026-03-20,Completed
ENR000751,STU00249,CRS018,2025-06-29,Dropped
ENR000752,STU00249,CRS001,2025-08-01,Completed
ENR000753,STU00249,CRS004,2025-08-26,Completed
ENR000754,STU00250,CRS011,2025-08-30,Active
ENR000755,STU00251,CRS013,2025-05-08,Active
ENR000756,STU00252,CRS001,2025-09-17,Completed
ENR000757,STU00252,CRS017,2025-11-01,Completed
ENR000758,STU00252,CRS012,2025-07-30,Completed
ENR000759,STU00253,CRS007,2025-06-02,Active
ENR000760,STU00253,CRS011,2025-12-24,Active
ENR000761,STU00253,CRS017,2025-07-23,Dropped
ENR000762,STU00254,CRS018,2025-10-23,Dropped
ENR000763,STU00254,CRS001,2025-10-23,Completed
ENR000764,STU00254,CRS003,2025-12-24,Active
ENR000765,STU00254,CRS007,2025-11-24,Completed
ENR000766,STU00254,CRS017,2025-05-24,Completed
ENR000767,STU00255,CRS003,2026-01-06,Completed
ENR000768,STU00255,CRS005,2025-12-02,Active
ENR000769,STU00255,CRS001,2026-04-10,Active
ENR000770,STU00255,CRS015,2025-12-02,Active
ENR000771,STU00256,CRS018,2025-12-22,Dropped
ENR000772,STU00256,CRS003,2026-03-21,Completed
ENR000773,STU00256,CRS008,2026-04-09,Completed
ENR000774,STU00257,CRS014,2025-07-28,Completed
ENR000775,STU00257,CRS011,2025-11-22,Completed
ENR000776,STU00257,CRS001,2025-08-07,Completed
ENR000777,STU00257,CRS013,2025-10-23,Completed
ENR000778,STU00258,CRS002,2026-04-13,Active
ENR000779,STU00258,CRS003,2025-08-21,Completed
ENR000780,STU00258,CRS012,2025-05-31,Completed
ENR000781,STU00258,CRS017,2025-11-05,Active
ENR000782,STU00258,CRS004,2025-10-21,Dropped
ENR000783,STU00259,CRS013,2025-12-01,Completed
ENR000784,STU00259,CRS001,2025-10-11,Active
ENR000785,STU00259,CRS016,2025-06-18,Active
ENR000786,STU00259,CRS006,2025-11-23,Completed
ENR000787,STU00260,CRS010,2025-12-29,Completed
ENR000788,STU00260,CRS005,2026-04-07,Completed
ENR000789,STU00260,CRS020,2025-04-14,Active
ENR000790,STU00260,CRS012,2025-04-22,Active
ENR000791,STU00260,CRS001,2025-11-28,Completed
ENR000792,STU00261,CRS018,2025-05-27,Active
ENR000793,STU00261,CRS003,2026-02-18,Dropped
ENR000794,STU00261,CRS010,2026-01-31,Dropped
ENR000795,STU00261,CRS007,2026-04-14,Active
ENR000796,STU00261,CRS012,2025-09-12,Active
ENR000797,STU00262,CRS009,2025-08-14,Dropped
ENR000798,STU00262,CRS007,2025-11-05,Dropped
ENR000799,STU00262,CRS004,2025-12-03,Dropped
ENR000800,STU00262,CRS006,2025-06-02,Completed
ENR000801,STU00262,CRS002,2025-06-26,Completed
ENR000802,STU00263,CRS003,2025-12-26,Active
ENR000803,STU00263,CRS009,2026-01-28,Completed
ENR000804,STU00263,CRS004,2025-12-26,Dropped
ENR000805,STU00264,CRS005,2025-10-16,Active
ENR000806,STU00264,CRS008,2025-08-10,Active
ENR000807,STU00264,CRS004,2025-04-16,Active
ENR000808,STU00265,CRS015,2026-03-27,Completed
ENR000809,STU00265,CRS011,2026-03-27,Active
ENR000810,STU00265,CRS010,2026-03-27,Active
ENR000811,STU00265,CRS005,2026-03-27,Completed
ENR000812,STU00266,CRS011,2025-04-24,Active
ENR000813,STU00267,CRS014,2025-08-23,Dropped
ENR000814,STU00267,CRS009,2025-08-23,Active
ENR000815,STU00268,CRS016,2025-09-16,Active
ENR000816,STU00268,CRS015,2025-12-16,Active
ENR000817,STU00268,CRS019,2026-03-15,Completed
ENR000818,STU00269,CRS020,2026-01-30,Dropped
ENR000819,STU00269,CRS003,2025-12-06,Dropped
ENR000820,STU00270,CRS018,2025-10-07,Active
ENR000821,STU00270,CRS007,2025-11-29,Dropped
ENR000822,STU00271,CRS003,2026-03-06,Dropped
ENR000823,STU00272,CRS001,2025-10-27,Completed
ENR000824,STU00272,CRS019,2025-08-14,Completed
ENR000825,STU00272,CRS013,2026-01-25,Dropped
ENR000826,STU00272,CRS007,2025-09-12,Completed
ENR000827,STU00272,CRS002,2026-01-10,Completed
ENR000828,STU00273,CRS013,2026-02-13,Active
ENR000829,STU00273,CRS008,2025-08-01,Completed
ENR000830,STU00273,CRS010,2026-01-04,Active
ENR000831,STU00274,CRS017,2025-08-07,Dropped
ENR000832,STU00274,CRS001,2025-10-27,Dropped
ENR000833,STU00274,CRS008,2025-06-29,Completed
ENR000834,STU00275,CRS017,2026-03-20,Completed
ENR000835,STU00275,CRS005,2026-03-20,Active
ENR000836,STU00276,CRS005,2026-03-05,Completed
ENR000837,STU00276,CRS016,2025-08-21,Active
ENR000838,STU00276,CRS012,2026-04-03,Active
ENR000839,STU00276,CRS002,2025-07-25,Active
ENR000840,STU00276,CRS008,2025-04-25,Completed
ENR000841,STU00277,CRS012,2026-04-09,Active
ENR000842,STU00277,CRS013,2025-11-29,Completed
ENR000843,STU00277,CRS016,2026-02-16,Active
ENR000844,STU00277,CRS015,2025-11-08,Dropped
ENR000845,STU00277,CRS002,2025-09-03,Completed
ENR000846,STU00278,CRS009,2025-12-24,Completed
ENR000847,STU00278,CRS019,2026-02-24,Active
ENR000848,STU00278,CRS018,2026-01-14,Active
ENR000849,STU00279,CRS003,2025-12-28,Completed
ENR000850,STU00279,CRS017,2025-08-07,Active
ENR000851,STU00279,CRS009,2025-04-25,Dropped
ENR000852,STU00279,CRS013,2025-09-12,Completed
ENR000853,STU00279,CRS008,2025-10-12,Completed
ENR000854,STU00280,CRS001,2026-01-28,Active
ENR000855,STU00280,CRS017,2026-01-28,Completed
ENR000856,STU00280,CRS005,2026-03-27,Active
ENR000857,STU00280,CRS015,2026-01-28,Active
ENR000858,STU00280,CRS006,2026-01-28,Active
ENR000859,STU00281,CRS004,2025-05-25,Completed
ENR000860,STU00281,CRS008,2026-01-26,Completed
ENR000861,STU00281,CRS014,2026-01-23,Active
ENR000862,STU00281,CRS011,2026-03-14,Active
ENR000863,STU00281,CRS020,2025-09-23,Dropped
ENR000864,STU00282,CRS008,2025-04-23,Active
ENR000865,STU00283,CRS019,2025-10-07,Dropped
ENR000866,STU00283,CRS006,2025-10-14,Active
ENR000867,STU00283,CRS005,2025-08-31,Active
ENR000868,STU00283,CRS017,2026-03-18,Dropped
ENR000869,STU00283,CRS002,2026-01-07,Completed
ENR000870,STU00284,CRS020,2025-10-22,Dropped
ENR000871,STU00284,CRS019,2026-01-22,Active
ENR000872,STU00284,CRS001,2025-06-05,Completed
ENR000873,STU00284,CRS010,2026-02-27,Completed
ENR000874,STU00285,CRS006,2026-02-08,Completed
ENR000875,STU00285,CRS008,2026-03-23,Dropped
ENR000876,STU00285,CRS014,2025-12-17,Active
ENR000877,STU00285,CRS005,2025-06-01,Completed
ENR000878,STU00286,CRS006,2026-01-04,Completed
ENR000879,STU00286,CRS011,2025-09-29,Active
ENR000880,STU00286,CRS015,2025-12-31,Active
ENR000881,STU00287,CRS004,2025-10-22,Active
ENR000882,STU00287,CRS001,2025-04-15,Dropped
ENR000883,STU00288,CRS014,2026-03-21,Dropped
ENR000884,STU00288,CRS005,2025-12-21,Completed
ENR000885,STU00288,CRS004,2025-11-17,Dropped
ENR000886,STU00288,CRS006,2025-05-15,Completed
ENR000887,STU00288,CRS016,2025-10-01,Completed
ENR000888,STU00289,CRS016,2025-04-30,Completed
ENR000889,STU00290,CRS018,2025-10-21,Active
ENR000890,STU00290,CRS001,2025-12-11,Active
ENR000891,STU00290,CRS014,2025-08-06,Completed
ENR000892,STU00290,CRS017,2025-11-11,Active
ENR000893,STU00290,CRS020,2025-08-06,Dropped
ENR000894,STU00291,CRS012,2026-03-06,Active
ENR000895,STU00291,CRS019,2025-08-09,Completed
ENR000896,STU00291,CRS004,2025-06-23,Active
ENR000897,STU00291,CRS014,2025-07-24,Dropped
ENR000898,STU00292,CRS020,2025-08-08,Active
ENR000899,STU00292,CRS018,2025-09-22,Active
ENR000900,STU00292,CRS014,2025-05-27,Completed
ENR000901,STU00293,CRS019,2025-06-07,Completed
ENR000902,STU00294,CRS001,2025-07-23,Active
ENR000903,STU00294,CRS013,2025-04-19,Active
ENR000904,STU00294,CRS007,2025-11-27,Completed
ENR000905,STU00294,CRS011,2025-10-19,Active
ENR000906,STU00294,CRS014,2025-06-28,Dropped
ENR000907,STU00295,CRS019,2025-10-22,Completed
ENR000908,STU00295,CRS012,2025-10-22,Completed
ENR000909,STU00295,CRS009,2025-10-22,Completed
ENR000910,STU00295,CRS013,2025-12-27,Completed
ENR000911,STU00296,CRS018,2025-07-26,Active
ENR000912,STU00296,CRS020,2025-07-12,Active
ENR000913,STU00296,CRS016,2025-05-10,Active
ENR000914,STU00297,CRS005,2026-04-07,Completed
ENR000915,STU00297,CRS004,2026-04-07,Dropped
ENR000916,STU00297,CRS008,2026-04-07,Active
ENR000917,STU00297,CRS015,2026-04-07,Completed
ENR000918,STU00298,CRS018,2026-01-04,Active
ENR000919,STU00298,CRS002,2026-01-04,Completed
ENR000920,STU00298,CRS006,2026-01-04,Dropped
ENR000921,STU00299,CRS016,2026-01-03,Active
ENR000922,STU00299,CRS014,2026-01-03,Active
ENR000923,STU00300,CRS003,2025-06-18,Dropped
ENR000924,STU00300,CRS002,2025-11-18,Completed
ENR000925,STU00300,CRS013,2025-11-16,Completed
ENR000926,STU00301,CRS020,2026-02-14,Completed
ENR000927,STU00301,CRS002,2025-12-25,Completed
ENR000928,STU00301,CRS006,2025-11-25,Active
ENR000929,STU00302,CRS010,2025-09-16,Completed
ENR000930,STU00302,CRS007,2026-02-07,Completed
ENR000931,STU00302,CRS002,2025-12-30,Active
ENR000932,STU00302,CRS017,2025-12-15,Completed
ENR000933,STU00302,CRS008,2025-10-26,Dropped
ENR000934,STU00303,CRS009,2026-04-05,Completed
ENR000935,STU00304,CRS013,2026-01-15,Completed
ENR000936,STU00304,CRS020,2026-01-15,Completed
ENR000937,STU00304,CRS007,2026-01-15,Active
ENR000938,STU00305,CRS018,2026-02-05,Active
ENR000939,STU00306,CRS019,2026-03-16,Completed
ENR000940,STU00306,CRS012,2025-12-10,Active
ENR000941,STU00306,CRS020,2025-12-10,Dropped
ENR000942,STU00306,CRS009,2025-12-20,Completed
ENR000943,STU00306,CRS008,2025-12-29,Active
ENR000944,STU00307,CRS017,2025-10-01,Completed
ENR000945,STU00307,CRS004,2025-07-07,Active
ENR000946,STU00307,CRS018,2025-07-04,Active
ENR000947,STU00307,CRS003,2026-02-23,Completed
ENR000948,STU00308,CRS018,2026-04-11,Completed
ENR000949,STU00308,CRS019,2026-04-11,Dropped
ENR000950,STU00308,CRS009,2026-04-11,Completed
ENR000951,STU00309,CRS011,2025-12-26,Completed
ENR000952,STU00309,CRS015,2025-12-13,Dropped
ENR000953,STU00310,CRS016,2026-01-27,Active
ENR000954,STU00311,CRS013,2026-03-02,Completed
ENR000955,STU00312,CRS008,2025-09-26,Completed
ENR000956,STU00312,CRS011,2025-04-25,Active
ENR000957,STU00313,CRS001,2025-10-04,Active
ENR000958,STU00313,CRS009,2025-08-20,Completed
ENR000959,STU00313,CRS008,2025-09-29,Active
ENR000960,STU00313,CRS010,2025-06-15,Completed
ENR000961,STU00313,CRS003,2026-01-20,Active
ENR000962,STU00314,CRS012,2025-11-21,Active
ENR000963,STU00314,CRS007,2025-08-28,Completed
ENR000964,STU00314,CRS009,2025-08-28,Dropped
ENR000965,STU00315,CRS016,2026-02-07,Active
ENR000966,STU00315,CRS007,2026-01-30,Active
ENR000967,STU00316,CRS007,2025-08-11,Dropped
ENR000968,STU00316,CRS008,2025-12-07,Dropped
ENR000969,STU00316,CRS020,2026-01-29,Active
ENR000970,STU00317,CRS004,2025-10-25,Dropped
ENR000971,STU00318,CRS020,2025-09-07,Dropped
ENR000972,STU00318,CRS001,2025-09-12,Active
ENR000973,STU00318,CRS018,2025-11-27,Active
ENR000974,STU00318,CRS002,2025-10-31,Dropped
ENR000975,STU00319,CRS009,2026-04-05,Active
ENR000976,STU00319,CRS016,2026-02-17,Completed
ENR000977,STU00319,CRS006,2026-02-17,Active
ENR000978,STU00319,CRS017,2026-02-17,Completed
ENR000979,STU00319,CRS020,2026-02-17,Completed
ENR000980,STU00320,CRS002,2026-01-26,Completed
ENR000981,STU00320,CRS017,2025-09-20,Active
ENR000982,STU00320,CRS012,2026-01-27,Completed
ENR000983,STU00320,CRS013,2025-10-30,Active
ENR000984,STU00320,CRS006,2025-07-09,Active
ENR000985,STU00321,CRS013,2025-12-12,Active
ENR000986,STU00321,CRS019,2025-06-16,Active
ENR000987,STU00322,CRS006,2026-03-20,Active
ENR000988,STU00322,CRS018,2026-02-18,Completed
ENR000989,STU00322,CRS009,2026-02-18,Completed
ENR000990,STU00323,CRS006,2025-11-16,Active
ENR000991,STU00323,CRS016,2025-09-30,Completed
ENR000992,STU00323,CRS014,2025-11-03,Active
ENR000993,STU00324,CRS009,2026-02-08,Dropped
ENR000994,STU00324,CRS015,2025-06-17,Completed
ENR000995,STU00324,CRS006,2026-03-29,Dropped
ENR000996,STU00324,CRS005,2025-05-09,Completed
ENR000997,STU00325,CRS018,2025-05-23,Dropped
ENR000998,STU00325,CRS014,2026-02-05,Active
ENR000999,STU00326,CRS016,2026-01-21,Active
ENR001000,STU00326,CRS001,2025-08-30,Completed
ENR001001,STU00327,CRS018,2025-10-11,Completed
ENR001002,STU00327,CRS011,2025-12-11,Completed
ENR001003,STU00327,CRS016,2025-05-17,Active
ENR001004,STU00327,CRS010,2026-02-07,Completed
ENR001005,STU00327,CRS009,2026-03-04,Active
ENR001006,STU00328,CRS016,2026-03-10,Completed
ENR001007,STU00328,CRS004,2025-12-02,Active
ENR001008,STU00328,CRS015,2025-04-14,Active
ENR001009,STU00329,CRS009,2025-08-19,Active
ENR001010,STU00329,CRS012,2025-08-19,Completed
ENR001011,STU00329,CRS001,2025-10-25,Completed
ENR001012,STU00329,CRS014,2025-09-03,Completed
ENR001013,STU00329,CRS004,2025-11-11,Completed
ENR001014,STU00330,CRS006,2025-06-24,Completed
ENR001015,STU00330,CRS010,2025-12-19,Completed
ENR001016,STU00330,CRS012,2025-08-07,Active
ENR001017,STU00330,CRS011,2025-11-08,Completed
ENR001018,STU00330,CRS016,2026-03-14,Completed
ENR001019,STU00331,CRS006,2025-08-03,Completed
ENR001020,STU00331,CRS011,2026-03-25,Completed
ENR001021,STU00332,CRS003,2025-09-20,Active
ENR001022,STU00332,CRS020,2026-04-08,Active
ENR001023,STU00332,CRS006,2025-08-18,Active
ENR001024,STU00332,CRS011,2025-05-16,Active
ENR001025,STU00333,CRS009,2025-12-25,Dropped
ENR001026,STU00333,CRS015,2026-04-10,Completed
ENR001027,STU00333,CRS012,2025-12-25,Active
ENR001028,STU00333,CRS017,2025-12-25,Active
ENR001029,STU00334,CRS009,2025-07-30,Active
ENR001030,STU00334,CRS003,2025-08-27,Active
ENR001031,STU00335,CRS003,2025-10-31,Dropped
ENR001032,STU00336,CRS018,2025-05-03,Completed
ENR001033,STU00336,CRS002,2025-12-27,Dropped
ENR001034,STU00336,CRS001,2026-02-08,Active
ENR001035,STU00336,CRS013,2025-08-23,Completed
ENR001036,STU00337,CRS013,2026-02-23,Active
ENR001037,STU00338,CRS010,2026-02-24,Completed
ENR001038,STU00338,CRS015,2025-07-09,Active
ENR001039,STU00339,CRS001,2025-12-27,Completed
ENR001040,STU00339,CRS002,2025-09-11,Dropped
ENR001041,STU00340,CRS016,2025-08-08,Dropped
ENR001042,STU00340,CRS015,2025-09-01,Completed
ENR001043,STU00340,CRS018,2025-08-31,Active
ENR001044,STU00341,CRS006,2025-10-30,Dropped
ENR001045,STU00341,CRS019,2025-12-12,Completed
ENR001046,STU00341,CRS015,2025-10-04,Active
ENR001047,STU00341,CRS014,2025-06-21,Active
ENR001048,STU00341,CRS010,2025-09-01,Active
ENR001049,STU00342,CRS009,2026-03-18,Active
ENR001050,STU00342,CRS005,2026-02-15,Dropped
ENR001051,STU00342,CRS010,2025-06-09,Dropped
ENR001052,STU00342,CRS001,2026-04-14,Active
ENR001053,STU00343,CRS018,2026-04-12,Active
ENR001054,STU00343,CRS001,2026-04-12,Completed
ENR001055,STU00343,CRS016,2026-04-12,Completed
ENR001056,STU00343,CRS020,2026-04-12,Completed
ENR001057,STU00344,CRS018,2026-01-03,Active
ENR001058,STU00345,CRS018,2025-10-09,Active
ENR001059,STU00345,CRS014,2025-09-20,Completed
ENR001060,STU00345,CRS013,2026-04-11,Active
ENR001061,STU00345,CRS008,2025-05-14,Active
ENR001062,STU00346,CRS003,2025-12-05,Completed
ENR001063,STU00346,CRS014,2025-09-13,Completed
ENR001064,STU00346,CRS008,2025-09-27,Completed
ENR001065,STU00347,CRS010,2026-01-27,Completed
ENR001066,STU00347,CRS018,2025-11-21,Dropped
ENR001067,STU00347,CRS009,2025-11-17,Active
ENR001068,STU00348,CRS004,2025-06-18,Active
ENR001069,STU00348,CRS015,2025-10-17,Completed
ENR001070,STU00348,CRS019,2025-11-02,Active
ENR001071,STU00349,CRS005,2025-11-27,Active
ENR001072,STU00350,CRS001,2025-08-22,Active
ENR001073,STU00350,CRS006,2025-08-07,Completed
ENR001074,STU00350,CRS004,2025-11-21,Active
ENR001075,STU00350,CRS010,2025-11-11,Active
ENR001076,STU00350,CRS009,2026-02-17,Active
ENR001077,STU00351,CRS011,2026-04-02,Active
ENR001078,STU00351,CRS014,2026-04-02,Completed
ENR001079,STU00352,CRS015,2025-09-11,Active
ENR001080,STU00352,CRS002,2025-10-30,Completed
ENR001081,STU00352,CRS011,2025-08-26,Active
ENR001082,STU00353,CRS013,2026-04-07,Completed
ENR001083,STU00353,CRS003,2025-11-07,Active
ENR001084,STU00353,CRS018,2025-12-27,Dropped
ENR001085,STU00354,CRS001,2025-05-25,Completed
ENR001086,STU00354,CRS004,2025-10-07,Completed
ENR001087,STU00354,CRS008,2025-12-22,Completed
ENR001088,STU00354,CRS013,2025-06-05,Active
ENR001089,STU00355,CRS004,2026-01-06,Active
ENR001090,STU00355,CRS017,2026-04-08,Dropped
ENR001091,STU00355,CRS007,2026-04-09,Dropped
ENR001092,STU00355,CRS016,2026-01-24,Active
ENR001093,STU00356,CRS018,2025-10-01,Completed
ENR001094,STU00357,CRS016,2025-05-12,Active
ENR001095,STU00357,CRS010,2026-03-05,Active
ENR001096,STU00357,CRS007,2025-05-16,Completed
ENR001097,STU00358,CRS008,2025-10-03,Completed
ENR001098,STU00359,CRS001,2026-01-10,Completed
ENR001099,STU00359,CRS006,2026-03-31,Active
ENR001100,STU00359,CRS009,2025-05-12,Active
ENR001101,STU00360,CRS019,2025-12-01,Completed
ENR001102,STU00361,CRS020,2026-01-31,Active
ENR001103,STU00361,CRS005,2025-08-06,Completed
ENR001104,STU00361,CRS012,2025-05-03,Completed
ENR001105,STU00361,CRS003,2025-08-17,Active
ENR001106,STU00362,CRS002,2026-01-23,Active
ENR001107,STU00363,CRS018,2025-10-02,Active
ENR001108,STU00363,CRS004,2025-10-18,Active
ENR001109,STU00364,CRS012,2025-10-02,Active
ENR001110,STU00364,CRS015,2026-01-07,Active
ENR001111,STU00364,CRS007,2025-09-15,Dropped
ENR001112,STU00364,CRS001,2026-03-31,Completed
ENR001113,STU00364,CRS013,2026-01-31,Completed
ENR001114,STU00365,CRS018,2025-07-28,Completed
ENR001115,STU00365,CRS016,2025-04-26,Completed
ENR001116,STU00365,CRS007,2026-03-17,Active
ENR001117,STU00366,CRS009,2026-01-13,Completed
ENR001118,STU00366,CRS018,2026-01-05,Completed
ENR001119,STU00366,CRS006,2025-11-06,Dropped
ENR001120,STU00366,CRS003,2025-09-05,Completed
ENR001121,STU00367,CRS001,2025-10-04,Dropped
ENR001122,STU00367,CRS017,2025-06-14,Completed
ENR001123,STU00367,CRS013,2025-05-20,Active
ENR001124,STU00367,CRS006,2026-04-11,Completed
ENR001125,STU00368,CRS003,2026-02-04,Active
ENR001126,STU00368,CRS018,2025-11-28,Completed
ENR001127,STU00368,CRS013,2025-07-27,Completed
ENR001128,STU00369,CRS020,2025-07-27,Active
ENR001129,STU00369,CRS010,2025-10-16,Completed
ENR001130,STU00370,CRS004,2026-02-19,Completed
ENR001131,STU00371,CRS002,2026-03-24,Dropped
ENR001132,STU00372,CRS006,2026-01-18,Active
ENR001133,STU00372,CRS002,2026-01-18,Completed
ENR001134,STU00373,CRS002,2026-04-02,Completed
ENR001135,STU00374,CRS016,2025-04-19,Active
ENR001136,STU00374,CRS017,2025-05-24,Completed
ENR001137,STU00374,CRS009,2025-06-16,Active
ENR001138,STU00374,CRS002,2025-11-16,Dropped
ENR001139,STU00375,CRS016,2025-06-08,Completed
ENR001140,STU00375,CRS003,2025-09-24,Completed
ENR001141,STU00376,CRS018,2026-02-03,Completed
ENR001142,STU00376,CRS014,2025-07-18,Active
ENR001143,STU00376,CRS012,2025-12-26,Completed
ENR001144,STU00377,CRS002,2025-10-08,Dropped
ENR001145,STU00377,CRS003,2026-01-31,Active
ENR001146,STU00377,CRS010,2026-02-23,Completed
ENR001147,STU00377,CRS019,2025-08-17,Completed
ENR001148,STU00377,CRS007,2025-05-14,Active
ENR001149,STU00378,CRS008,2025-06-06,Completed
ENR001150,STU00378,CRS019,2026-03-21,Completed
ENR001151,STU00378,CRS006,2025-06-09,Completed
ENR001152,STU00378,CRS014,2025-10-12,Completed
ENR001153,STU00378,CRS004,2026-04-12,Completed
ENR001154,STU00379,CRS006,2026-01-20,Completed
ENR001155,STU00380,CRS013,2025-07-10,Dropped
ENR001156,STU00380,CRS017,2025-09-22,Dropped
ENR001157,STU00380,CRS011,2025-12-03,Completed
ENR001158,STU00380,CRS006,2025-06-30,Dropped
ENR001159,STU00380,CRS015,2026-01-07,Dropped
ENR001160,STU00381,CRS014,2025-09-28,Active
ENR001161,STU00381,CRS011,2025-12-05,Completed
ENR001162,STU00381,CRS008,2026-01-15,Completed
ENR001163,STU00381,CRS007,2025-09-28,Active
ENR001164,STU00382,CRS015,2025-06-14,Dropped
ENR001165,STU00382,CRS013,2025-09-06,Completed
ENR001166,STU00382,CRS001,2025-08-02,Completed
ENR001167,STU00382,CRS002,2026-01-12,Dropped
ENR001168,STU00383,CRS001,2026-01-14,Active
ENR001169,STU00383,CRS010,2025-10-25,Active
ENR001170,STU00383,CRS008,2025-08-31,Completed
ENR001171,STU00384,CRS018,2025-12-28,Completed
ENR001172,STU00384,CRS017,2025-10-04,Completed
ENR001173,STU00384,CRS020,2025-06-06,Active
ENR001174,STU00385,CRS012,2026-02-26,Active
ENR001175,STU00385,CRS005,2025-04-18,Completed
ENR001176,STU00385,CRS019,2026-03-19,Active
ENR001177,STU00385,CRS009,2025-09-25,Dropped
ENR001178,STU00386,CRS019,2025-12-18,Active
ENR001179,STU00387,CRS003,2026-04-01,Completed
ENR001180,STU00387,CRS011,2025-12-19,Active
ENR001181,STU00388,CRS004,2025-11-20,Completed
ENR001182,STU00388,CRS010,2026-03-15,Dropped
ENR001183,STU00388,CRS002,2025-12-03,Active
ENR001184,STU00388,CRS013,2026-03-29,Dropped
ENR001185,STU00388,CRS003,2025-11-20,Completed
ENR001186,STU00389,CRS008,2026-03-16,Completed
ENR001187,STU00390,CRS001,2026-02-22,Active
ENR001188,STU00390,CRS013,2025-08-14,Completed
ENR001189,STU00390,CRS002,2025-07-31,Active
ENR001190,STU00390,CRS010,2025-07-31,Completed
ENR001191,STU00390,CRS018,2025-12-09,Active
ENR001192,STU00391,CRS015,2025-09-04,Active
ENR001193,STU00391,CRS019,2026-01-21,Active
ENR001194,STU00391,CRS017,2026-01-13,Active
ENR001195,STU00391,CRS003,2026-01-07,Active
ENR001196,STU00392,CRS016,2025-12-31,Completed
ENR001197,STU00393,CRS018,2026-02-05,Active
ENR001198,STU00394,CRS013,2025-08-15,Completed
ENR001199,STU00395,CRS005,2025-12-22,Completed
ENR001200,STU00395,CRS016,2025-06-18,Completed
ENR001201,STU00396,CRS007,2025-10-31,Active
ENR001202,STU00396,CRS018,2025-12-16,Completed
ENR001203,STU00396,CRS017,2026-02-12,Active
ENR001204,STU00396,CRS008,2025-04-18,Dropped
ENR001205,STU00396,CRS019,2025-05-19,Active
ENR001206,STU00397,CRS014,2025-05-22,Active
ENR001207,STU00397,CRS012,2025-09-24,Completed
ENR001208,STU00397,CRS019,2025-07-03,Active
ENR001209,STU00397,CRS007,2025-07-26,Active
ENR001210,STU00398,CRS020,2025-08-24,Completed
ENR001211,STU00398,CRS015,2025-08-24,Dropped
ENR001212,STU00398,CRS005,2025-08-24,Active
ENR001213,STU00399,CRS005,2026-03-23,Completed
ENR001214,STU00399,CRS003,2026-01-26,Active
ENR001215,STU00399,CRS004,2026-02-13,Completed
ENR001216,STU00400,CRS010,2026-03-27,Active
ENR001217,STU00400,CRS001,2025-12-03,Dropped
ENR001218,STU00401,CRS015,2025-12-29,Active
ENR001219,STU00401,CRS016,2025-07-07,Completed
ENR001220,STU00401,CRS001,2026-02-21,Active
ENR001221,STU00402,CRS017,2025-05-31,Completed
ENR001222,STU00402,CRS009,2025-12-10,Completed
ENR001223,STU00402,CRS018,2026-03-09,Active
ENR001224,STU00402,CRS016,2025-11-07,Dropped
ENR001225,STU00402,CRS005,2026-04-02,Completed
ENR001226,STU00403,CRS006,2026-03-07,Active
ENR001227,STU00403,CRS002,2025-12-24,Completed
ENR001228,STU00403,CRS010,2025-07-15,Active
ENR001229,STU00404,CRS001,2025-10-01,Completed
ENR001230,STU00404,CRS003,2026-03-22,Dropped
ENR001231,STU00404,CRS013,2025-12-03,Active
ENR001232,STU00404,CRS009,2026-03-17,Active
ENR001233,STU00405,CRS013,2025-07-24,Completed
ENR001234,STU00405,CRS008,2025-09-17,Completed
ENR001235,STU00405,CRS020,2026-03-10,Dropped
ENR001236,STU00406,CRS020,2026-01-20,Active
ENR001237,STU00406,CRS018,2025-08-10,Dropped
ENR001238,STU00406,CRS003,2025-06-12,Completed
ENR001239,STU00406,CRS006,2025-05-11,Completed
ENR001240,STU00407,CRS008,2026-01-23,Dropped
ENR001241,STU00408,CRS011,2025-09-01,Completed
ENR001242,STU00408,CRS016,2025-08-13,Active
ENR001243,STU00408,CRS013,2025-05-05,Completed
ENR001244,STU00409,CRS010,2026-03-29,Active
ENR001245,STU00409,CRS008,2025-07-19,Active
ENR001246,STU00409,CRS017,2025-09-22,Active
ENR001247,STU00410,CRS001,2025-10-10,Active
ENR001248,STU00410,CRS018,2026-03-19,Dropped
ENR001249,STU00410,CRS009,2025-11-23,Completed
ENR001250,STU00410,CRS008,2025-07-03,Active
ENR001251,STU00411,CRS017,2025-10-11,Completed
ENR001252,STU00411,CRS008,2025-06-05,Completed
ENR001253,STU00411,CRS014,2026-01-20,Active
ENR001254,STU00411,CRS019,2025-07-02,Completed
ENR001255,STU00412,CRS018,2025-12-05,Completed
ENR001256,STU00412,CRS005,2026-03-14,Completed
ENR001257,STU00412,CRS007,2025-12-31,Active
ENR001258,STU00412,CRS019,2025-06-07,Active
ENR001259,STU00413,CRS005,2025-05-10,Active
ENR001260,STU00413,CRS014,2025-11-09,Completed
ENR001261,STU00413,CRS020,2025-07-14,Completed
ENR001262,STU00413,CRS006,2025-09-24,Active
ENR001263,STU00413,CRS011,2026-03-08,Dropped
ENR001264,STU00414,CRS001,2025-06-07,Dropped
ENR001265,STU00414,CRS011,2025-12-04,Completed
ENR001266,STU00415,CRS010,2026-03-21,Completed
ENR001267,STU00415,CRS015,2026-01-16,Active
ENR001268,STU00415,CRS009,2026-01-16,Active
ENR001269,STU00415,CRS005,2026-01-16,Completed
ENR001270,STU00416,CRS020,2026-03-11,Completed
ENR001271,STU00416,CRS009,2025-11-10,Active
ENR001272,STU00416,CRS008,2025-10-19,Completed
ENR001273,STU00416,CRS018,2026-03-24,Completed
ENR001274,STU00416,CRS017,2025-10-10,Completed
ENR001275,STU00417,CRS016,2025-12-22,Completed
ENR001276,STU00417,CRS012,2026-02-16,Active
ENR001277,STU00417,CRS006,2026-01-24,Active
ENR001278,STU00417,CRS013,2026-01-26,Completed
ENR001279,STU00417,CRS020,2025-12-22,Dropped
ENR001280,STU00418,CRS014,2025-04-15,Completed
ENR001281,STU00418,CRS008,2026-03-29,Active
ENR001282,STU00418,CRS007,2026-02-07,Dropped
ENR001283,STU00419,CRS020,2025-10-07,Dropped
ENR001284,STU00419,CRS016,2025-11-07,Completed
ENR001285,STU00419,CRS011,2026-03-22,Completed
ENR001286,STU00419,CRS015,2025-08-23,Completed
ENR001287,STU00420,CRS011,2025-12-19,Completed
ENR001288,STU00420,CRS013,2025-09-07,Completed
ENR001289,STU00420,CRS018,2025-12-01,Active
ENR001290,STU00420,CRS017,2026-03-30,Active
ENR001291,STU00421,CRS002,2025-05-17,Dropped
ENR001292,STU00421,CRS008,2025-10-26,Active
ENR001293,STU00421,CRS017,2026-03-31,Active
ENR001294,STU00421,CRS013,2025-05-13,Completed
ENR001295,STU00422,CRS007,2025-09-29,Active
ENR001296,STU00423,CRS010,2026-01-19,Completed
ENR001297,STU00423,CRS020,2025-12-07,Completed
ENR001298,STU00423,CRS015,2025-07-28,Active
ENR001299,STU00423,CRS006,2025-07-28,Completed
ENR001300,STU00424,CRS015,2025-09-01,Active
ENR001301,STU00424,CRS020,2025-06-22,Completed
ENR001302,STU00425,CRS019,2025-12-24,Active
ENR001303,STU00425,CRS018,2026-03-08,Completed
ENR001304,STU00426,CRS001,2025-11-30,Dropped
ENR001305,STU00426,CRS006,2025-08-23,Active
ENR001306,STU00426,CRS015,2025-05-28,Active
ENR001307,STU00426,CRS007,2025-12-01,Completed
ENR001308,STU00427,CRS004,2026-01-08,Active
ENR001309,STU00427,CRS003,2025-06-04,Completed
ENR001310,STU00428,CRS003,2025-12-05,Completed
ENR001311,STU00428,CRS017,2026-01-02,Dropped
ENR001312,STU00428,CRS013,2025-12-05,Completed
ENR001313,STU00429,CRS013,2025-10-10,Active
ENR001314,STU00429,CRS018,2025-05-07,Completed
ENR001315,STU00430,CRS019,2025-10-28,Dropped
ENR001316,STU00430,CRS005,2025-08-04,Active
ENR001317,STU00430,CRS006,2025-10-26,Completed
ENR001318,STU00431,CRS010,2026-02-13,Completed
ENR001319,STU00431,CRS020,2025-09-25,Active
ENR001320,STU00431,CRS015,2026-04-13,Active
ENR001321,STU00431,CRS019,2025-05-23,Active
ENR001322,STU00432,CRS009,2025-05-04,Completed
ENR001323,STU00432,CRS001,2026-01-27,Active
ENR001324,STU00432,CRS015,2025-04-29,Dropped
ENR001325,STU00432,CRS016,2025-05-27,Active
ENR001326,STU00432,CRS017,2026-02-03,Completed
ENR001327,STU00433,CRS015,2025-12-14,Completed
ENR001328,STU00433,CRS014,2025-09-28,Active
ENR001329,STU00433,CRS020,2025-12-18,Dropped
ENR001330,STU00433,CRS003,2026-02-27,Active
ENR001331,STU00434,CRS007,2025-06-07,Completed
ENR001332,STU00434,CRS002,2025-11-12,Active
ENR001333,STU00434,CRS006,2026-03-18,Dropped
ENR001334,STU00434,CRS005,2025-04-27,Completed
ENR001335,STU00434,CRS019,2025-06-04,Dropped
ENR001336,STU00435,CRS011,2025-12-09,Active
ENR001337,STU00435,CRS003,2025-10-03,Dropped
ENR001338,STU00435,CRS002,2026-03-15,Active
ENR001339,STU00436,CRS020,2025-04-30,Active
ENR001340,STU00436,CRS019,2025-12-26,Completed
ENR001341,STU00436,CRS018,2025-05-31,Completed
ENR001342,STU00437,CRS003,2025-12-24,Completed
ENR001343,STU00438,CRS012,2025-11-09,Completed
ENR001344,STU00438,CRS013,2025-11-09,Dropped
ENR001345,STU00438,CRS003,2026-01-29,Active
ENR001346,STU00439,CRS005,2025-09-27,Completed
ENR001347,STU00439,CRS004,2025-06-15,Completed
ENR001348,STU00439,CRS009,2025-11-16,Completed
ENR001349,STU00439,CRS011,2026-02-07,Completed
ENR001350,STU00440,CRS019,2025-11-08,Completed
ENR001351,STU00441,CRS003,2026-03-21,Active
ENR001352,STU00441,CRS016,2026-03-21,Completed
ENR001353,STU00441,CRS010,2026-03-21,Completed
ENR001354,STU00441,CRS014,2026-03-21,Dropped
ENR001355,STU00441,CRS011,2026-03-21,Completed
ENR001356,STU00442,CRS017,2026-02-05,Dropped
ENR001357,STU00442,CRS016,2026-04-08,Active
ENR001358,STU00442,CRS019,2025-12-18,Active
ENR001359,STU00442,CRS006,2025-08-10,Active
ENR001360,STU00443,CRS001,2026-04-06,Completed
ENR001361,STU00444,CRS007,2025-11-10,Completed
ENR001362,STU00445,CRS014,2025-10-31,Completed
ENR001363,STU00445,CRS002,2026-02-14,Completed
ENR001364,STU00445,CRS011,2026-01-29,Active
ENR001365,STU00445,CRS012,2026-01-18,Active
ENR001366,STU00446,CRS009,2025-11-17,Active
ENR001367,STU00446,CRS003,2025-08-14,Completed
ENR001368,STU00446,CRS010,2025-05-28,Completed
ENR001369,STU00447,CRS011,2025-06-04,Active
ENR001370,STU00448,CRS020,2025-09-12,Dropped
ENR001371,STU00448,CRS001,2025-12-24,Dropped
ENR001372,STU00448,CRS006,2025-11-02,Completed
ENR001373,STU00448,CRS007,2025-09-21,Completed
ENR001374,STU00448,CRS011,2026-03-18,Active
ENR001375,STU00449,CRS016,2026-02-12,Completed
ENR001376,STU00449,CRS005,2026-02-12,Dropped
ENR001377,STU00450,CRS011,2026-02-18,Completed
ENR001378,STU00450,CRS015,2025-11-24,Completed
ENR001379,STU00450,CRS014,2026-01-23,Completed
ENR001380,STU00450,CRS002,2025-04-20,Active
ENR001381,STU00450,CRS010,2025-10-09,Completed
ENR001382,STU00451,CRS012,2025-04-16,Active
ENR001383,STU00451,CRS003,2025-06-18,Active
ENR001384,STU00451,CRS005,2025-05-16,Dropped
ENR001385,STU00452,CRS006,2025-12-08,Dropped
ENR001386,STU00452,CRS019,2026-03-04,Completed
ENR001387,STU00452,CRS013,2025-09-13,Completed
ENR001388,STU00452,CRS020,2026-02-03,Active
ENR001389,STU00452,CRS004,2026-01-21,Active
ENR001390,STU00453,CRS003,2025-12-23,Completed
ENR001391,STU00453,CRS016,2025-06-28,Dropped
ENR001392,STU00453,CRS008,2025-12-04,Active
ENR001393,STU00453,CRS012,2025-10-22,Active
ENR001394,STU00454,CRS012,2025-09-11,Completed
ENR001395,STU00455,CRS003,2026-03-23,Completed
ENR001396,STU00455,CRS015,2025-11-23,Completed
ENR001397,STU00456,CRS005,2025-04-27,Completed
ENR001398,STU00456,CRS007,2025-06-18,Active
ENR001399,STU00456,CRS011,2025-10-13,Dropped
ENR001400,STU00456,CRS016,2026-03-27,Dropped
ENR001401,STU00456,CRS010,2025-11-29,Dropped
ENR001402,STU00457,CRS007,2026-01-25,Completed
ENR001403,STU00457,CRS002,2025-08-19,Completed
ENR001404,STU00458,CRS004,2025-04-15,Active
ENR001405,STU00458,CRS001,2025-07-09,Dropped
ENR001406,STU00458,CRS010,2025-05-27,Active
ENR001407,STU00458,CRS002,2025-10-25,Completed
ENR001408,STU00458,CRS003,2025-05-19,Completed
ENR001409,STU00459,CRS019,2025-08-24,Completed
ENR001410,STU00460,CRS011,2026-01-17,Active
ENR001411,STU00460,CRS007,2025-10-28,Active
ENR001412,STU00461,CRS015,2025-07-29,Active
ENR001413,STU00461,CRS004,2026-01-20,Active
ENR001414,STU00461,CRS009,2025-12-11,Active
ENR001415,STU00462,CRS018,2025-07-24,Completed
ENR001416,STU00462,CRS017,2025-06-23,Active
ENR001417,STU00462,CRS004,2026-01-30,Dropped
ENR001418,STU00462,CRS007,2025-12-20,Dropped
ENR001419,STU00462,CRS012,2026-04-03,Completed
ENR001420,STU00463,CRS003,2025-10-04,Completed
ENR001421,STU00463,CRS010,2025-06-17,Active
ENR001422,STU00464,CRS002,2025-12-15,Dropped
ENR001423,STU00464,CRS005,2025-11-09,Active
ENR001424,STU00464,CRS001,2025-12-06,Active
ENR001425,STU00464,CRS016,2025-11-09,Active
ENR001426,STU00465,CRS006,2025-09-20,Active
ENR001427,STU00465,CRS019,2025-08-14,Dropped
ENR001428,STU00465,CRS015,2026-02-02,Completed
ENR001429,STU00465,CRS012,2026-01-16,Completed
ENR001430,STU00466,CRS003,2025-05-12,Active
ENR001431,STU00466,CRS015,2026-01-09,Active
ENR001432,STU00466,CRS005,2026-03-18,Completed
ENR001433,STU00466,CRS020,2025-06-17,Completed
ENR001434,STU00466,CRS019,2026-01-26,Completed
ENR001435,STU00467,CRS005,2025-11-29,Dropped
ENR001436,STU00467,CRS009,2025-11-29,Active
ENR001437,STU00468,CRS011,2026-03-07,Active
ENR001438,STU00468,CRS015,2026-01-03,Completed
ENR001439,STU00468,CRS016,2025-11-16,Active
ENR001440,STU00469,CRS006,2025-08-11,Completed
ENR001441,STU00469,CRS010,2025-06-25,Completed
ENR001442,STU00469,CRS012,2025-12-17,Completed
ENR001443,STU00469,CRS005,2025-08-11,Active
ENR001444,STU00470,CRS003,2026-01-24,Completed
ENR001445,STU00470,CRS010,2025-08-11,Active
ENR001446,STU00470,CRS018,2025-06-02,Active
ENR001447,STU00470,CRS015,2026-01-09,Active
ENR001448,STU00470,CRS013,2026-02-26,Completed
ENR001449,STU00471,CRS011,2025-08-29,Active
ENR001450,STU00472,CRS014,2026-02-13,Completed
ENR001451,STU00472,CRS020,2026-02-13,Active
ENR001452,STU00472,CRS011,2026-02-13,Dropped
ENR001453,STU00472,CRS008,2026-03-05,Completed
ENR001454,STU00472,CRS006,2026-02-13,Completed
ENR001455,STU00473,CRS020,2026-03-19,Active
ENR001456,STU00473,CRS015,2025-10-08,Dropped
ENR001457,STU00473,CRS011,2025-10-08,Active
ENR001458,STU00473,CRS004,2025-10-08,Active
ENR001459,STU00473,CRS019,2026-01-02,Dropped
ENR001460,STU00474,CRS011,2025-12-01,Active
ENR001461,STU00474,CRS016,2026-04-06,Active
ENR001462,STU00474,CRS002,2025-06-27,Completed
ENR001463,STU00474,CRS003,2025-05-30,Completed
ENR001464,STU00475,CRS005,2026-01-18,Completed
ENR001465,STU00476,CRS018,2025-09-20,Active
ENR001466,STU00476,CRS010,2025-09-20,Completed
ENR001467,STU00476,CRS013,2026-02-19,Active
ENR001468,STU00476,CRS015,2025-09-28,Completed
ENR001469,STU00477,CRS014,2025-06-15,Completed
ENR001470,STU00477,CRS012,2025-08-17,Completed
ENR001471,STU00477,CRS003,2026-03-04,Completed
ENR001472,STU00478,CRS010,2025-11-20,Active
ENR001473,STU00478,CRS002,2026-01-27,Completed
ENR001474,STU00479,CRS001,2025-12-03,Completed
ENR001475,STU00480,CRS004,2025-11-23,Active
ENR001476,STU00480,CRS010,2025-06-15,Completed
ENR001477,STU00480,CRS001,2026-04-04,Active
ENR001478,STU00481,CRS013,2026-02-20,Completed
ENR001479,STU00481,CRS020,2025-06-19,Active
ENR001480,STU00481,CRS019,2026-02-21,Active
ENR001481,STU00482,CRS007,2025-12-09,Active
ENR001482,STU00482,CRS018,2026-04-13,Dropped
ENR001483,STU00483,CRS005,2025-11-16,Active
ENR001484,STU00483,CRS010,2026-02-14,Completed
ENR001485,STU00483,CRS020,2025-07-25,Active
ENR001486,STU00483,CRS018,2026-01-06,Dropped
ENR001487,STU00484,CRS005,2026-01-08,Dropped
ENR001488,STU00484,CRS003,2025-07-13,Dropped
ENR001489,STU00484,CRS020,2025-08-11,Completed
ENR001490,STU00484,CRS014,2025-11-12,Dropped
ENR001491,STU00485,CRS006,2026-03-06,Active
ENR001492,STU00485,CRS015,2025-11-16,Active
ENR001493,STU00485,CRS017,2025-10-22,Completed
ENR001494,STU00485,CRS014,2025-11-09,Active
ENR001495,STU00485,CRS019,2025-10-22,Completed
ENR001496,STU00486,CRS017,2026-04-07,Completed
ENR001497,STU00486,CRS009,2026-01-14,Completed
ENR001498,STU00487,CRS002,2025-10-03,Completed
ENR001499,STU00487,CRS020,2026-01-20,Active
ENR001500,STU00487,CRS016,2025-08-05,Completed
ENR001501,STU00488,CRS005,2025-10-25,Completed
ENR001502,STU00489,CRS009,2025-10-06,Active
ENR001503,STU00489,CRS015,2026-01-31,Completed
ENR001504,STU00489,CRS017,2026-02-08,Completed
ENR001505,STU00489,CRS003,2025-09-26,Completed
ENR001506,STU00489,CRS018,2025-07-11,Completed
ENR001507,STU00490,CRS019,2025-11-04,Completed
ENR001508,STU00490,CRS010,2025-10-12,Completed
ENR001509,STU00490,CRS002,2026-01-06,Completed
ENR001510,STU00490,CRS011,2026-03-27,Completed
ENR001511,STU00490,CRS001,2025-10-12,Completed
ENR001512,STU00491,CRS010,2025-09-05,Completed
ENR001513,STU00491,CRS006,2025-12-07,Completed
ENR001514,STU00491,CRS002,2025-09-05,Active
ENR001515,STU00492,CRS009,2025-10-06,Completed
ENR001516,STU00492,CRS002,2025-08-03,Active
ENR001517,STU00492,CRS016,2025-12-27,Completed
ENR001518,STU00492,CRS006,2026-02-21,Active
ENR001519,STU00492,CRS019,2026-01-12,Completed
ENR001520,STU00493,CRS017,2025-08-06,Dropped
ENR001521,STU00493,CRS003,2025-09-27,Active
ENR001522,STU00494,CRS020,2026-01-21,Active
ENR001523,STU00494,CRS009,2026-02-27,Active
ENR001524,STU00495,CRS020,2025-09-09,Active
ENR001525,STU00496,CRS005,2026-01-28,Completed
ENR001526,STU00496,CRS015,2025-08-27,Active
ENR001527,STU00496,CRS012,2025-09-30,Active
ENR001528,STU00496,CRS006,2025-12-01,Completed
ENR001529,STU00496,CRS009,2026-02-22,Active
ENR001530,STU00497,CRS005,2026-03-19,Completed
ENR001531,STU00498,CRS016,2026-03-06,Completed
ENR001532,STU00498,CRS014,2025-08-13,Active
ENR001533,STU00499,CRS006,2025-11-14,Completed
ENR001534,STU00499,CRS007,2025-11-14,Completed
ENR001535,STU00499,CRS012,2025-11-14,Active
ENR001536,STU00499,CRS002,2026-03-26,Active
ENR001537,STU00500,CRS016,2025-10-29,Active
ENR001538,STU00500,CRS010,2026-01-29,Completed
ENR001539,STU00500,CRS020,2026-01-27,Completed
ENR001540,STU00500,CRS008,2025-05-13,Active
